Account,Name,Date,timestamp
imsouz_,Igor,2018-05-01 16:18:56,1525180736.0
SerratoSabino,Sabino serrato,2018-05-01 16:36:09,1525181769.0
RoyNathanGordon,Roy Gordon,2011-12-25 08:18:29,1324793909.0
mufettis07,M√ºfetti≈ü,2014-03-01 09:42:07,1393659727.0
Miraypeks,Miray pekcan,2017-12-12 15:00:43,1513080043.0
emac_v,Emaculate Vernacular,2017-11-28 14:49:33,1511869773.0
KirbyGwen,Kirby Gwen,2009-05-08 16:52:00,1241790720.0
Roberta27929679,Robertagonzalez,2017-12-03 18:00:03,1512313203.0
annanatasya7,anna natasya,2017-02-08 07:41:50,1486528910.0
KarimHashem135,Karim M. Hashem,2013-07-23 19:31:14,1374597074.0
naodeleon1,Naho.jmv,2016-07-28 08:17:10,1469683030.0
gicris,Gisele Vieira,2009-05-09 21:35:24,1241894124.0
brettnicholson1,Brett S Nicholson,2009-06-21 18:37:40,1245598660.0
iksme922,iksme,2018-05-01 16:28:01,1525181281.0
lorenzogio79,lorenzo,2018-04-07 09:39:25,1523083165.0
cha_kest,cha kest,2018-05-01 16:20:34,1525180834.0
derennno,trying to cope,2013-05-22 15:49:36,1369226976.0
XxsynhdXx,Taemour Basharat,2013-11-14 17:44:10,1384443850.0
TericaB,Terica,2009-08-19 17:44:27,1250693067.0
NirmalRoopun,NirmalRoopun,2015-08-23 07:11:49,1440303109.0
LuciRibba,Luci,2016-04-22 14:03:39,1461323019.0
gsCanhetti,Guilherme Canhetti,2009-03-05 22:04:15,1236283455.0
haimon,haimon,2008-12-30 15:59:25,1230645565.0
TrueMagic2468,Anthony McNeal,2018-04-25 23:38:24,1524688704.0
talita_adriell,#talita-adrielle,2017-07-29 13:07:46,1501322866.0
Willis23Allison,Allison_Willis23,2018-04-29 16:37:54,1525009074.0
MohsenRohani75,Mohsen Rohani,2017-11-09 22:45:09,1510256709.0
Nblink92,N,2018-04-25 03:15:00,1524615300.0
meyrasahn,–ê–Ω–∞—Å—Ç–∞—Å–∏—è –ù–∏–∫–æ–ª–∞–µ–≤–Ω–∞,2013-06-14 16:27:46,1371216466.0
rdogammo,Randy Tumidajewicz,2012-07-02 17:38:18,1341239898.0
schuchutrain,Stephanie,2010-03-09 08:51:33,1268117493.0
LoseTV,LœÜ—ï—î,2013-09-12 14:59:32,1378987172.0
luciana_david15,Luciana David,2018-04-26 15:51:06,1524747066.0
MariaRo40527000,Maria Rodrigues,2016-12-30 20:47:09,1483120029.0
mZHTMtavvCgcwqR,–î–∂–æ–π –ú–æ–ª–∏–Ω–æ,2018-02-03 12:50:42,1517651442.0
alec_outernets,Alec,2018-05-01 16:23:59,1525181039.0
joseantoniodep2,Jos√© Ant√¥nio Paula,2014-07-04 13:14:22,1404468862.0
Bryanbotinag12,Brayan Botina,2012-09-05 17:46:53,1346856413.0
dmolino600,–¢—ç—Ö—ë–Ω–∫–∏–Ω—ã –ø–æ—Ä—Ç–∫–∏,2018-02-03 18:50:04,1517673004.0
AnneMar38325418,Anne-Marie,2018-05-01 16:21:30,1525180890.0
cortizbenedicto,Cinthia E. Ortiz Benedicto,2015-08-18 02:15:14,1439853314.0
JaneJanesollano,maryjeansollano,2017-12-16 15:58:36,1513429116.0
AnthoDC2000,Antho_deadpoolw,2014-04-02 22:50:38,1396468238.0
oimarianas,mar√©ana,2009-06-23 00:52:12,1245707532.0
ArringtonAden,Aden Arrington,2018-04-28 23:32:01,1524947521.0
Daniel_SV13,Daniel,2012-02-15 19:33:15,1329327195.0
roburns_,Robert Burns,2014-06-01 16:22:41,1401628961.0
fran_medina04,Fran,2017-11-15 01:28:24,1510698504.0
rodolfo_E2,rodolfo riveraüá≤üáΩ,2014-08-09 21:17:41,1407608261.0
gbl7t2,GBL$ACANA7,2018-03-05 16:25:34,1520256334.0
Br1Vasc0ncell0s,Bruno Vasconcellos,2018-02-01 23:14:59,1517516099.0
ylwrngr,YLWRNGR,2016-04-06 03:22:40,1459902160.0
Motownsown,Roy,2016-03-24 01:33:27,1458776007.0
alec_jvr,Alec Jvr,2015-12-20 23:48:36,1450648116.0
pgabrielle_7,Gabrielle Poirier,2017-08-07 23:44:32,1502138672.0
misskrechel,Kirsten üé§,2012-11-15 20:29:16,1353004156.0
ceoKgquezomone1,ceoKgquezomoneymuzik,2018-05-01 12:06:28,1525165588.0
ariawitter,Aria,2018-05-01 16:06:17,1525179977.0
Potapota6,Potapota,2012-04-20 07:03:10,1334894590.0
micay_Gray,üå∏,2017-02-25 13:33:09,1488018789.0
Pepferrera,JosepFM,2012-03-29 05:31:48,1332988308.0
jadedisland,Empty Poet,2013-12-20 19:55:30,1387562130.0
eriqzincs,eric,2015-07-10 01:20:40,1436480440.0
BMCPhD,Aphrotude,2009-08-27 23:24:42,1251404682.0
btsstimeline,bts' timeline,2018-04-26 04:59:51,1524707991.0
shinyciscoballs,Francisco Zulueta,2018-02-26 18:27:01,1519658821.0
celsohilgert,Celso Hilgert,2017-10-02 20:42:04,1506966124.0
DenMEnright,Denise Michelle Enright,2018-01-17 00:17:47,1516137467.0
AdriTor2541,Jesus Adrian Torres,2018-05-01 03:52:12,1525135932.0
Capt_awesom3,Capt Awesome,2008-07-24 20:21:38,1216920098.0
llillsmoke,Emerson Marques,2018-04-29 20:03:01,1525021381.0
HsnFatin,Kh Hsn Fatin,2015-02-23 15:42:00,1424698920.0
EsterC37,Ester Carvalho,2018-05-01 14:56:32,1525175792.0
bobcerm1,bob cerminaro,2016-08-03 20:40:44,1470246044.0
LuanaFields,Sadness,2009-06-04 13:01:14,1244109674.0
Harmonaja6,Harmonajaüêç,2018-05-01 15:43:40,1525178620.0
atom_hello,HelloAtom,2018-02-02 16:38:30,1517578710.0
AustinD1717,Austin Duncan,2017-03-28 12:37:07,1490693827.0
g_carpenedo,Giovanni Carpenedo,2018-03-10 14:26:00,1520681160.0
CandelaAlzogar3,Candela Alzogaray,2018-02-16 03:41:38,1518741698.0
stacey90_,Stacey,2009-05-09 19:42:34,1241887354.0
vaniawinona,vania,2010-12-03 10:46:29,1291365989.0
Carlos23329636,Carlos‚ô†Ô∏è,2018-04-28 16:56:52,1524923812.0
anshumanbane,ANSHUMANBANE 11,2018-04-12 22:26:14,1523561174.0
TrangNguyen2702,Trang Nguy·ªÖn,2018-02-23 11:01:12,1519372872.0
stokesmegan3,megan stokes,2017-03-14 17:58:04,1489503484.0
manozo_allysa,~Taehyungüíû,2018-04-03 08:53:57,1522734837.0
DiegoYK19,Diego Escandor,2015-02-18 18:50:14,1424278214.0
FanofMonie,fanofmoonie,2018-05-01 15:50:48,1525179048.0
yessi_tamp,yessi Tampubolon,2012-09-05 01:50:11,1346799011.0
HectorG44848404,Hector Guerrero,2018-03-14 01:59:23,1520981963.0
MyQPlanet,David Begor,2011-12-13 00:23:37,1323728617.0
NikhilP_99,Nikhil Patel,2018-03-08 15:58:59,1520513939.0
miroslava_b20,Miroslava,2018-05-01 15:28:27,1525177707.0
VeXo81,VeXo,2016-09-13 17:47:16,1473778036.0
DanaDynamite,Dana Dynamite,2009-03-04 03:42:32,1236130952.0
__JPL__,üëèüëèüëè,2018-05-01 14:50:22,1525175422.0
HlaMobg,Thowai Hla mong,2017-12-18 23:16:15,1513628175.0
nicholassiler3,Nick Siler,2017-11-16 20:53:10,1510854790.0
JedAdriel,ADRIEL ‚öìÔ∏è,2016-05-12 18:35:30,1463067330.0
ecemdakdeniz,mbeah,2010-09-10 12:59:33,1284112773.0
BenjamimMorais,KissMe,2013-08-23 22:15:05,1377285305.0
Perfect_PianoUK,Perfect Piano,2018-05-01 14:24:43,1525173883.0
CZUpchurch99,Clay,2017-01-09 01:22:23,1483914143.0
IamKshitijC,Kshitij Chauhan,2017-10-10 04:02:19,1507597339.0
BrightSunny21,Sreehari H Nair,2018-04-02 15:06:24,1522670784.0
Bansekakingsle1,Banseka kingsley,2018-05-01 15:38:11,1525178291.0
Rodroy019,Rodroy Ô£ø‚ö™Ô∏è‚öΩÔ∏è‚ö´Ô∏è,2010-06-10 01:51:14,1276123874.0
Maximax_D_,Max,2015-03-04 07:48:07,1425448087.0
m4r1b0rj4,Mary  Borja,2016-03-21 16:39:15,1458571155.0
Lolwg27,Lolwg27marsia,2014-09-30 14:45:40,1412077540.0
DmitrievnaO,Natalya Lozovaya,2009-04-07 04:04:34,1239066274.0
sar_burt,Sarah Burton,2018-04-25 22:41:07,1524685267.0
RT_KThyung,üî±RTVüî±|‡∏°‡∏≤‡πÄ‡∏ß‡∏•‡∏´‡∏±‡∏Å‡∏≠‡∏Å‡∏Å‡∏π,2017-12-08 14:45:33,1512733533.0
Leesophero,Miku Yan,2018-02-15 00:49:55,1518644995.0
caitlynkinz,Caitlyn Vandergraft,2018-03-27 02:10:19,1522105819.0
MasabandaJhon,jhon byron masabanda cuenca,2018-04-22 09:13:30,1524377610.0
PaigeIamHipHop,El Diablo,2011-11-12 14:57:07,1321102627.0
marycestl,MC,2013-03-13 03:41:54,1363138914.0
Sports___Throne,Sports Throne,2018-05-01 14:49:19,1525175359.0
Alex_Panqueque2,Ôº≠ÔºØÔºØÔºÆüöÄ,2018-02-27 16:44:36,1519739076.0
JaziLatreace,juscallmejazi ¬© ‚ö°Ô∏è,2009-05-17 17:57:16,1242572236.0
ZoeLiondba,young1zoe,2011-04-06 17:23:45,1302099825.0
bleaustar23,Tameaka Pennington,2012-01-10 18:14:54,1326212094.0
consumption_se,Consumption,2018-01-10 19:48:39,1515602919.0
_vicalb,Victoria Albanesi,2017-10-23 04:09:41,1508720981.0
RubsamSascha,Sascha R√ºbsam,2018-05-01 14:54:59,1525175699.0
OscarACast94,Oscar Ariel Castillo Rodriguez,2018-05-01 00:27:00,1525123620.0
dannyjay123456,Daniel johnson,2018-03-22 22:38:26,1521747506.0
Echo_Circus,NigüÖ±Ô∏èa,2017-06-11 05:51:13,1497149473.0
Zoewindy,ZiggyStardust,2011-02-06 01:51:08,1296949868.0
crucialshot,Âº†Â∞ë,2017-07-25 13:10:59,1500977459.0
MrTechhit,WHODUNNIT/TECH!,2011-05-18 13:25:23,1305714323.0
Parmcat,Sean Parmley,2011-06-26 03:32:05,1309048325.0
yoongcia03,TriciaAlfonzo,2018-05-01 15:16:09,1525176969.0
RajStelly,The 'Ruler',2012-06-16 11:32:05,1339835525.0
danwoodkylewill,gabbƒ±stille,2018-02-26 22:30:05,1519673405.0
MarkyMargotka,Marky,2018-04-25 17:31:25,1524666685.0
romhtk,Romhtk,2016-10-08 08:49:13,1475905753.0
velocirangutan,Jennifer,2018-04-25 15:32:06,1524659526.0
Pintsizeplayer,Pan,2009-04-15 23:49:02,1239828542.0
2BAPhoenix,Christy R Hall,2012-01-01 02:37:08,1325378228.0
Haryuyen1,Haryuyen,2018-05-01 15:18:54,1525177134.0
CalixtoRodado,Calixto Rodado,2017-07-31 16:26:57,1501507617.0
Bamagirl50000,JusACountryKindaGirl,2014-03-07 04:26:21,1394159181.0
diorch_ye,Diete',2015-11-08 17:35:30,1446996930.0
BillTalbert,Bill Talbert,2009-04-18 12:54:11,1240048451.0
gana_nyka,cripple,2017-10-04 14:49:34,1507117774.0
tanjubozok,Tanju Bozok,2014-08-19 07:17:47,1408421867.0
Nailahkhairunn5,Nailah khairunnisa,2018-05-01 15:04:05,1525176245.0
sashassyz,sasaüíß,2018-03-24 07:32:37,1521865957.0
tracey_cue,Tracey Cue,2017-11-18 15:29:44,1511008184.0
mandtontour,Megan & Tiff on Tour,2015-07-11 15:28:37,1436617717.0
Belhg314,Bel hg,2018-03-31 19:18:46,1522513126.0
Lindani47690240,Lindani,2018-04-11 15:30:18,1523449818.0
Ghost_RWBY_5x,Ghost_Ruby_RWBY_58X,2017-08-21 14:10:52,1503313852.0
1sa_msa,Isabella Monteiro,2009-06-25 11:41:05,1245919265.0
Priscilajuliak,Priscila julia,2013-02-07 09:50:26,1360223426.0
ChayCanela4ever,Chayanera_canelita.4ever,2018-05-01 14:46:04,1525175164.0
shakirafanacc,uglyah,2017-03-08 17:03:27,1488981807.0
WilColRam,Pizza Boi Cole üçï,2011-07-17 15:15:40,1310904940.0
akshitasharmax,Akshita,2018-04-28 09:18:11,1524896291.0
Monse60718747,Roses&Ink,2017-12-19 16:13:26,1513689206.0
toomichou,toomichou,2012-07-23 19:18:06,1343060286.0
PalizaCheska,Cheska Paliza,2018-05-01 14:54:32,1525175672.0
FitStrongPowerf,Sandra B,2017-11-23 12:41:33,1511430093.0
NgTOanh3,Ng√¥ T√∫ Oanh,2018-02-18 13:45:21,1518950721.0
Gabriel91240352,Gabriel arturo,2018-05-01 15:03:14,1525176194.0
mickey_ml750,Mickey ml750,2014-08-27 05:50:07,1409107807.0
Pusatpo73445460,Pusat poyraz,2018-05-01 15:02:21,1525176141.0
Jose_Canche08,alex 10,2014-01-26 19:13:16,1390756396.0
KeishaBoston,Keisha Boston¬Æ,2009-03-30 00:21:58,1238361718.0
Lbbangtanarmy,bts glitch party,2018-03-05 22:37:23,1520278643.0
Nikki86566678,Nikkiüòçüòç,2018-04-25 09:09:39,1524636579.0
GustavoBouquets,Gustavo Bouquets,2010-01-03 21:40:06,1262547606.0
doooorothy,dorothy üçÉ,2016-08-23 08:45:08,1471931108.0
ilaydaise,ilaydase,2018-01-16 21:21:38,1516126898.0
kgeletla,John.Kgeletla@gmail.,2015-01-29 20:31:17,1422556277.0
Cheung11Angus,angus_cheung11,2018-05-01 14:49:02,1525175342.0
muddogdrill,matthew mudford,2011-09-02 02:24:40,1314919480.0
elenxin92,Elena S√°iz,2018-03-07 17:12:12,1520431932.0
toufiction,Toufic Youssef,2017-06-17 08:05:54,1497675954.0
Unreal_Camila,Camila Cardenas,2013-01-05 18:45:50,1357404350.0
Prettym85573560,pretty_me,2018-05-01 14:43:47,1525175027.0
aygul_bazarova,Ayg√ºl bazarova,2018-05-01 14:51:48,1525175508.0
Mariana26295649,Mariana Daza,2018-05-01 14:48:13,1525175293.0
KnalaxyGight,Galactixüåå,2015-10-16 04:15:54,1444958154.0
cristinazanet15,Juliana Zanetti,2018-05-01 14:23:50,1525173830.0
CrystalRevord,Crystal Revord,2015-08-27 14:36:23,1440675383.0
HickksBuritto,ralph lawrence C. Ta,2015-01-04 13:06:18,1420369578.0
Omne1025,Onexy Nicholson,2017-12-12 13:35:03,1513074903.0
emel_jacobo,emel jacobo camargo,2018-04-27 01:28:26,1524781706.0
Kiley_Joy,Kiley Jolicoeur,2018-05-01 14:46:49,1525175209.0
sevseydii_,sevmeliydi,2018-04-29 10:58:24,1524988704.0
RawturnLife,Rawturn,2018-04-30 00:05:17,1525035917.0
Pilar96489143,Pilar,2018-05-01 14:39:26,1525174766.0
fflowerrgirll,flowergirl,2013-03-20 12:20:53,1363774853.0
Chezel_Ph_Army,Chezel Ann Lorca,2018-04-30 03:04:03,1525046643.0
GabsOFlores,Corvus florensis,2015-12-03 14:59:55,1449147595.0
HuynhTram191,Hu·ª≥nh Tr√¢m,2017-05-24 15:01:12,1495627272.0
xkpop_tr,xkpop.tr,2018-05-01 14:38:20,1525174700.0
F1Rikie,Rikie Braat,2014-02-19 20:32:33,1392834753.0
esphoire,rv.velvett,2017-02-01 15:35:19,1485952519.0
_venusgirl_,Adrianna üåô,2018-04-30 21:35:00,1525113300.0
kurogashiiii,ÈªíÊ®´(Kurogashi),2018-05-01 14:29:28,1525174168.0
MonikBea,Monica B Valbuena L.,2010-01-16 23:37:31,1263677851.0
Fabivluz,Fabiana Viana,2018-04-23 03:56:13,1524444973.0
welbyonetwoo,marc vanden borre,2010-03-22 16:23:33,1269267813.0
sysoev1001,Alexandr Sysoev,2015-10-13 12:26:47,1444728407.0
Original_Toxike,Original Toxike,2018-03-06 01:23:17,1520288597.0
BeltraLeidy,Suni moon,2015-03-20 21:32:23,1426879943.0
swdlaurora,aurora,2018-03-04 22:18:12,1520191092.0
sabrinafe15,Le Mon,2011-10-21 19:56:25,1319216185.0
cilson_dos,Cilson dos santos,2018-05-01 14:34:31,1525174471.0
JacobKirschke,zŒµcœÉ,2015-08-18 21:14:27,1439921667.0
Franciscobalul2,Franciscobalula200gmail.co,2018-05-01 14:33:16,1525174396.0
Pedro09569448,Pedro,2018-04-29 22:18:25,1525029505.0
ali50646921,ali,2018-03-26 14:22:22,1522063342.0
petshop_2011,Ô£ø„Éö„ÉÉ„Éà„Ç∑„Éß„ÉÉ„Éó,2011-09-06 18:38:45,1315323525.0
SusaneHuong,Susane Huong,2017-07-11 18:43:10,1499787790.0
nasck_mink,mink,2014-11-17 20:05:32,1416247532.0
sunsetandvine28,Overthinkerbelle_28,2018-03-14 08:35:37,1521005737.0
juuh_souza27,Juliana Sousa,2018-05-01 03:41:11,1525135271.0
non12887,Non_Phanu,2009-05-28 18:45:06,1243525506.0
Abraham03869540,Abraham Keita,2018-05-01 13:56:12,1525172172.0
johnheiba,Johnheiba,2018-04-19 23:53:24,1524171204.0
JoannaCifredo,JOANNA CIFREDO,2013-12-06 22:27:09,1386361629.0
JisusKraist23,Jisus Kraist!!!,2018-01-26 16:50:28,1516974628.0
tatiloza211,TATIANA,2016-06-20 20:57:56,1466445476.0
PrattySuv,Prat,2015-05-02 18:36:57,1430581017.0
LaayMattos01,laai¬†‚ó¢ ‚ó§,2017-01-04 00:15:04,1483478104.0
Kristin80587319,Kristine,2018-05-01 14:11:31,1525173091.0
Cap_Vishal,Vishal Oza,2017-10-14 17:47:38,1507992458.0
diamnicole__,D. Robinson,2011-01-31 14:25:18,1296476718.0
shaso_rawandzy,Shaso_rawandzy,2017-05-07 05:34:54,1494124494.0
BilliardYT,Ryan,2013-05-17 01:23:16,1368742996.0
JuliaSa56295197,Julia Salles,2018-05-01 13:03:27,1525169007.0
earlquitlong,earl,2010-10-13 01:08:56,1286921336.0
paz_luize,Lua Paz,2018-05-01 14:11:47,1525173107.0
ssamibaha,Sami Baha,2012-11-30 20:55:59,1354301759.0
_begomartin,Bego√±a Mart√≠n,2017-09-28 01:15:18,1506550518.0
skybrepb,Evandro Pereira,2010-05-18 16:53:26,1274190806.0
WowaBuyar,Wowa Buyar,2013-02-25 07:09:03,1361768943.0
Alexisg41956722,Alexisguerrerosanchez,2018-02-27 15:07:20,1519733240.0
Sandra24160555,Sandra,2018-01-31 22:30:52,1517427052.0
trixbelle1208,trixie,2017-06-05 16:16:34,1496668594.0
Woody19594,Kayleigh Woodward,2009-08-24 11:47:06,1251103626.0
Marcosisak11,M@rcos Ribeiro,2018-05-01 14:13:09,1525173189.0
akshayj999,Akshay Jadhav,2014-04-02 12:21:44,1396430504.0
mitchwelltw,Mitch Maxwell,2009-06-30 02:29:38,1246318178.0
Ll8ll16,Ll 8ll,2018-04-23 22:07:32,1524510452.0
SaraRueda14,Sara Rueda,2018-05-01 12:55:02,1525168502.0
FKushera,Fera Kushera,2018-03-18 10:58:22,1521359902.0
ReneeDee14,Renee Dee,2018-05-01 14:04:02,1525172642.0
Imqueen75628300,‡∏ó‡∏µ‡∏°‡∏£‡∏µ‡∏ó‡∏ß‡∏¥‡∏ï‡∏Ç‡∏≠‡∏á‡∏Ñ‡∏¥‡∏°‡∏ã‡∏≠‡∏Å‡∏à‡∏¥‡∏ôüëë,2018-05-01 14:03:54,1525172634.0
UnisonHQ,Unison,2016-12-06 21:52:05,1481050325.0
angieel38387475,angie elizabeth,2018-05-01 14:09:23,1525172963.0
Alberto19872011,Alberto garcia de la cruz,2018-05-01 14:08:41,1525172921.0
Camila_Castro44,Maria Camila Castro,2016-04-02 02:04:42,1459551882.0
NikolasBrazier,Nikolas Brazier,2016-11-22 09:48:40,1479797320.0
M00nlitdreams,Christine M. Butler,2010-06-19 23:51:46,1276980706.0
camila_marr01,Camila Marroqu√≠n,2013-03-06 08:34:41,1362551681.0
therusobrother,Rotem Ruso,2013-02-01 20:21:56,1359742916.0
Cmkelley2011K,cathyüíã,2013-06-15 16:08:31,1371301711.0
EliEtern,Gabbie; „ÉÑ,2017-09-10 20:42:10,1505065330.0
JOSEMAROL,Josema Rold√°n,2011-04-14 20:41:04,1302802864.0
ianthesoloer,Ian Falceso,2018-03-09 08:24:52,1520573092.0
TSB_Vex,ùïãùïäùîπ ùïçùïñùï©,2018-04-27 15:51:46,1524833506.0
Nani2204R,Nani2204R,2017-04-02 15:34:35,1491136475.0
Alixaz1,Alixaz_,2018-05-01 13:09:24,1525169364.0
mistyyy111,Misty,2017-11-13 14:11:26,1510571486.0
gabunder7,‚òÖAnguelina√ò,2010-07-31 07:35:01,1280550901.0
Carin95899988,Carin,2018-02-03 14:22:12,1517656932.0
Itsxbeanzz,Beanzüå∏,2015-04-19 01:00:05,1429394405.0
KookyShooky,S_16,2018-04-01 06:47:00,1522554420.0
Uniquejimin30,Unique Sisteverio,2017-05-28 03:33:14,1495931594.0
haydenpolarbear,HaydenPolarbear,2015-01-12 02:46:58,1421023618.0
UAngela10,angela,2018-04-18 22:47:10,1524080830.0
GarettJr,Salum Garett Jr.,2009-08-20 13:39:52,1250764792.0
Beatriz77738298,Beatriz Christina,2018-05-01 13:52:34,1525171954.0
iwon_twin,Neo üòê,2015-02-04 17:57:52,1423065472.0
pawaritSiritip1,p√§w√°r√¨≈°,2013-04-01 04:44:25,1364780665.0
NoppoMini,„Éé„ÉÉ„Éù,2015-06-25 05:55:18,1435200918.0
larahias,LaRahia Smith,2015-03-04 19:22:31,1425489751.0
AlcantaraFranie,Franie Alcantara,2018-04-28 06:00:43,1524884443.0
Honoka77829370,üçíHonokaüçí ((‰Ωé,2017-11-23 17:20:59,1511446859.0
wai_wai_at_home,„Çè„ÅÑ„Çè„ÅÑ„Ç¢„ÉÉ„Éà„Éõ„Éº„É†,2012-12-06 06:37:34,1354768654.0
Silva_Liv_2002,Lili_2103‚ó¢‚ó§,2016-08-12 01:29:41,1470954581.0
elpiloro,Don Gato,2010-04-05 17:35:35,1270478135.0
_UNi19RA,„ÅÜ„Å´„ÅÑ„Åè„Çâ€û,2012-03-16 06:58:05,1331873885.0
Ev41Dc8QPtKYsTM,Rei  Ishihara,2017-12-05 09:10:14,1512454214.0
polaqc0,Pola*,2018-05-01 13:39:16,1525171156.0
AkeemBrailsford,aykay reem,2017-01-31 05:12:49,1485828769.0
_freshmen_15,Freshmen_15.com,2018-02-27 02:57:07,1519689427.0
Abhy72112121,Abhy,2018-04-30 19:39:13,1525106353.0
Jdaniel_cd,Daniel Caceres,2012-01-31 02:04:43,1327968283.0
HelenaHolmberg3,Helena Holmberg,2018-05-01 13:35:06,1525170906.0
Giovanni9552,Ian Amaro,2011-06-30 17:25:06,1309443906.0
Jin234216,Jin'in Yemeƒüi {Oy hesabƒ±!},2018-05-01 13:19:27,1525169967.0
Monta911,Luca M.,2013-07-01 08:34:45,1372656885.0
NikiRoivas,Niki Roivas,2014-01-03 16:48:16,1388760496.0
FreyrCz,FreyrCz ‚ô™,2018-05-01 11:53:14,1525164794.0
ActiveGeek_,ActiveGeek,2015-09-28 01:13:54,1443392034.0
_ozturkaylin,Aylin,2017-07-26 19:25:13,1501086313.0
_mercymedia,Mercy(Okorie)Jordan,2017-08-15 12:08:09,1502788089.0
JavierhMosquera,Javiera Mosquera Valdebenito,2018-05-01 03:33:34,1525134814.0
JooVict90216677,Freitasüí•,2018-05-01 02:46:55,1525132015.0
Guievatar1,Guievatar,2017-05-12 20:39:55,1494610795.0
burakerdilb38,Burak Erdil Bi√ßer,2015-11-12 05:41:16,1447299676.0
everydaymarvin,Marvin Lee,2016-09-21 00:10:01,1474405801.0
Humbert74794444,Humberto monroy,2018-04-28 22:15:45,1524942945.0
akay_way,A-Kay,2014-01-15 10:02:51,1389772971.0
Saskia_Maei,Saskia Maei,2018-04-26 20:51:19,1524765079.0
taehyungielove1,ÏÇ¨ÎûëÌï¥ ‚ú®,2018-05-01 12:57:17,1525168637.0
ThantyaKookiee,novaa,2018-01-22 00:58:03,1516571883.0
marcsndr,m.,2017-05-14 13:47:53,1494758873.0
Jacuo6934,JVHUOJJ,2018-05-01 12:53:21,1525168401.0
sa5372500,Samuel Alexandre,2018-04-30 22:48:07,1525117687.0
netantila,netAntila,2016-08-08 14:25:18,1470655518.0
Sabrina181888,Sabrina Oliveira,2017-01-16 18:52:23,1484581943.0
lion2gouttiere,Lion de goutti√®re ü§®,2011-08-06 22:45:30,1312659930.0
rola_kanafani,Rola Kanafani,2017-05-18 21:21:08,1495131668.0
Andreza73310568,Andreza Barbosa,2018-04-24 14:52:11,1524570731.0
naylacahyap,naylacahyap,2018-05-01 13:08:54,1525169334.0
Diego03258925,Diego,2018-04-08 00:17:19,1523135839.0
iamjohnhay,john hay opina,2018-05-01 11:59:10,1525165150.0
appe12886,Appex,2015-10-05 19:06:47,1444061207.0
BacalimVlad,IllusioN,2018-04-30 16:26:21,1525094781.0
Jake_will70,Jake Williams,2018-04-19 19:56:11,1524156971.0
qelapusaa,Laura,2018-05-01 13:05:53,1525169153.0
ClauPeronistaa,Claudia,2018-04-25 17:54:31,1524668071.0
RocioDurn12,Roc√≠o Dur√°n,2017-11-12 16:10:09,1510492209.0
Leticia20771190,Leticia,2018-05-01 13:09:22,1525169362.0
rlyfr,Grey Wolf,2011-04-18 07:50:07,1303102207.0
ChampTalkTweets,Christian Adam,2010-10-01 17:31:45,1285943505.0
TrifeDG_FanPage,Trife Da Great Fan Page,2018-04-22 07:33:16,1524371596.0
ValloneHernan,Hernan,2015-11-07 04:10:11,1446858611.0
SonorouSower,SonorouSower,2012-06-29 13:42:58,1340966578.0
reeree_park,Park reeree,2016-09-10 08:30:22,1473485422.0
TambuwunR,Richard,2011-11-10 14:59:16,1320929956.0
asvomusic,Asvo,2017-07-10 17:29:55,1499696995.0
mickychunie,Micky,2012-12-31 02:52:42,1356915162.0
LouiseJ151277,Louise Jones,2016-10-07 20:22:10,1475860930.0
Evil_Program,RocketRacer,2010-01-08 18:18:33,1262967513.0
MezelCharlene,Charlene De Mezel,2017-08-22 13:37:02,1503398222.0
mrdexigner,ÿ¢ŸÇÿß€å ÿ∑ÿ±ÿßÿ≠,2017-01-27 06:19:55,1485487195.0
smith_barajas,Alexa Smith Barajas,2017-03-05 19:35:57,1488731757.0
trUxkSZLC518Bch,Í∞ïÏÑúÌï¥,2017-07-13 14:26:15,1499945175.0
Mariana18393926,Mariana Sanchez Corral,2018-04-26 17:03:22,1524751402.0
cclexiepedia,sofs,2018-05-01 12:42:07,1525167727.0
liang_weilong,Weilong Liang,2017-10-07 14:36:11,1507376171.0
tici_688,t i c i,2015-10-22 02:04:43,1445468683.0
BeaKaingkoy,beabooüêΩüå∏,2018-03-03 14:54:50,1520078090.0
Ayjeyem,Imiel Jian Mauricio,2018-02-21 16:19:28,1519219168.0
koyyoshida,Koy Yoshida Maulana,2009-07-24 06:36:36,1248406596.0
SimpleFictionUK,Simple Fiction,2018-01-23 14:03:54,1516705434.0
2andeel1,2andeel,2017-04-05 19:55:54,1491411354.0
shmdmnhn,Shmdmnhn,2018-05-01 12:22:35,1525166555.0
LncCntrrs,E C N A L üíñüòçüòéüèÄüé∏,2018-01-11 08:27:52,1515648472.0
eliasfarina,Eliass üå†,2014-08-22 22:09:22,1408734562.0
CajuiQuezia,Quezia cajui,2018-05-01 12:25:21,1525166721.0
btxme,btxyyyz,2018-05-01 12:42:29,1525167749.0
elizabet_ky,hersestebirnefes,2018-04-29 12:13:09,1524993189.0
Ronaldmutschle1,Ronald mutschler,2015-10-10 22:50:41,1444506641.0
silvaa_gabss,gabrielly,2017-11-13 02:28:50,1510529330.0
kayangrum,Kay Angrum,2012-07-23 20:58:50,1343066330.0
mrcreativ4,Baran,2018-02-01 17:26:55,1517495215.0
OfficiallyArl,ArlBorneoAvantGarde‚Ñ¢,2018-04-16 15:35:06,1523882106.0
ayrtonleonardo4,Ayrton Leonardo,2015-06-07 19:22:03,1433694123.0
HIUSA,Hostelling International USA,2009-01-08 20:59:48,1231441188.0
Loublier8,Loublier,2018-05-01 12:38:59,1525167539.0
mrtyvo,M,2011-12-23 17:01:55,1324652515.0
oscaroni1,oscar_oni,2018-04-27 07:15:36,1524802536.0
ixlili,Lilika Assez,2011-12-30 01:19:27,1325200767.0
Ryan44165178,Ryan,2018-03-09 02:16:01,1520550961.0
TheTiagoVR,Tiago Arruda,2011-04-12 14:17:05,1302607025.0
Alejand34720448,Alejandro iglesias Chavarr√≠a,2018-05-01 12:32:45,1525167165.0
lifluousmell,Mellifluous,2018-04-26 18:06:41,1524755201.0
lorenzcadarao,f i n h a r t,2009-12-21 05:05:33,1261364733.0
YSweetPotato_,sara,2017-10-21 21:13:33,1508609613.0
maceditmacpro,Chris J. Zayachkowski,2018-03-26 19:59:32,1522083572.0
burrito2345,_cheryll,2017-12-03 22:40:43,1512330043.0
JC_Bateman,Josephine Bateman,2015-11-14 08:46:16,1447483576.0
eduardo89797078,eduardo,2018-04-10 17:59:00,1523372340.0
MahbukerDemir,mahbuker demir,2018-05-01 11:35:51,1525163751.0
callmekinsey,"üçæno complanin', just champagnin'üçæ",2009-05-05 00:46:24,1241473584.0
Jord78_Smith,Jordan Smith,2012-11-27 17:04:12,1354028652.0
LonerAnthem,Adam ü§∑,2016-08-18 17:05:47,1471529147.0
OtiLefty,PINNED TWEET - ‚òÄÔ∏è#SOLO ‚òÄÔ∏è- OtiLefty,2009-11-17 21:16:16,1258485376.0
maxvanhampen,Max van Hampen,2018-04-13 19:18:35,1523636315.0
Katylo_ve,Katy üíô,2018-05-01 12:23:35,1525166615.0
JungAbiigaiil,Abigail Cruz,2017-10-08 03:59:34,1507424374.0
ISayNothingTrue,a.k.a.ÈáéÁÄ¨,2011-05-28 23:23:27,1306614207.0
araeofsunshiine,Aly Rae,2013-03-22 04:40:41,1363920041.0
sunkidi4kb,Sunkidi Azubuike,2017-09-14 01:44:58,1505342698.0
jesusreinaaa,ai jesus,2017-04-02 00:49:55,1491083395.0
Elliottelliot11,Elliott elliott,2013-04-21 20:10:28,1366564228.0
Janis141099,janis,2013-07-11 11:59:24,1373533164.0
HazzelMangalin6,Hazzel Mangalindan,2018-05-01 11:42:38,1525164158.0
simmy_ree,#RAPTILEüêç,2018-04-30 06:55:55,1525060555.0
evtsn,Evy Tison,2018-05-01 12:16:34,1525166194.0
schaeffers,Schaeffer's Research,2009-03-04 18:49:02,1236185342.0
cuneyt61ts,Cuneyt Terzi,2014-06-01 16:19:36,1401628776.0
Quico_SanchezG,Quico,2011-05-21 22:28:31,1306006111.0
SofiaAl66887292,Sofia Alexandra O P,2016-12-15 10:16:58,1481786218.0
RODN3Y_CLYD3,RODN3Y‚Ä¢¬∞‚óã,2017-07-02 16:39:51,1499002791.0
kaylaadams_,Kayla Adams,2016-05-14 20:40:00,1463247600.0
TuneCoreJapan,TuneCore Japan,2012-04-17 09:45:40,1334645140.0
jazgsilva,Jazmin Silva,2013-12-10 12:05:36,1386669936.0
PaolaTo2608,Paola Torres,2018-05-01 12:06:53,1525165613.0
a_yldz8,Ali,2017-11-08 17:32:18,1510151538.0
TheDwellAngle,TheAngleOfDwell,2015-02-27 01:38:08,1424993888.0
Kirikoukarani,Kirikou bebop,2014-01-04 15:50:01,1388843401.0
myg_oy,MYG_fan,2018-05-01 12:06:40,1525165600.0
BlogWea201610,BlogWea,2016-10-18 01:10:18,1476742218.0
eeeichi,Eiichi Watanabe,2009-02-20 03:01:25,1235091685.0
Ezekiel_gospel,Ezekielgospel_GOSPELBOY,2015-08-12 09:35:38,1439361338.0
ChristinaConly,Christina,2013-03-17 16:16:03,1363529763.0
mylovebts12613,BTS,2018-03-16 13:39:18,1521196758.0
inspectorGfunk,InspectorGadget,2018-04-21 00:34:40,1524260080.0
Techno4Sagar,Techno Sagar Saini,2018-05-01 11:27:45,1525163265.0
downing_jonny,Jonathan Downing,2012-07-14 13:52:12,1342263132.0
priyataehyungie,Krishna Priya,2017-09-04 17:28:45,1504535325.0
Wendolens,Wendolens,2009-05-01 06:51:10,1241149870.0
FionaSuliman,Fiona Suliman,2009-12-07 21:06:08,1260212768.0
_mxthys_,_mxthys_,2018-05-01 11:23:42,1525163022.0
DaianaAzevedod2,Daiana Azevedo dias,2018-05-01 11:56:37,1525164997.0
AlisiniaBelova,Alisinia Belova,2017-10-06 18:02:58,1507302178.0
FlangKid,Kid Flang,2018-04-26 18:27:30,1524756450.0
CorvusUrania,Erek Croteau,2018-02-04 02:23:47,1517700227.0
casseychae,Cass ‚ú®,2018-03-08 06:06:52,1520478412.0
kazu_1228_0404,„Åï„Åï,2012-07-04 05:02:00,1341367320.0
n2due2,Ted,2017-11-02 14:21:28,1509621688.0
aswebinfo4,AS Webinfo,2018-04-26 11:30:13,1524731413.0
thejordanpkelly,Jordan Kelly,2018-04-17 17:33:22,1523975602.0
wrashheed,Wrash Heed,2011-04-19 16:32:51,1303219971.0
kmbrly_tn,Galaxy,2017-12-10 07:29:23,1512880163.0
Griffendoor,Glenn Griffen,2007-12-21 05:47:38,1198208858.0
G0mezMyPower,Back To You üîô,2018-04-29 22:35:13,1525030513.0
Kyuwookhae,Stephannie Kim,2015-08-11 13:19:53,1439288393.0
Quey_gaming,Queygaming,2018-04-01 17:40:11,1522593611.0
Error_Xclsv,Tshepang Motloung,2018-04-27 11:49:01,1524818941.0
nuff_said_bruh,Elijah Matthew,2017-11-29 03:42:10,1511916130.0
LuizFer99660607,Luiz Fernando Rosa Guedes,2018-05-01 11:28:58,1525163338.0
yeezysplzz,scott sterling,2018-04-14 19:07:06,1523722026.0
Gloribelfs,Glory,2015-12-05 16:55:53,1449327353.0
kgwally,kgw,2009-02-24 02:11:56,1235434316.0
qxfourmgmt,QIVXMGMT,2017-12-18 14:57:40,1513598260.0
Rough_9,Rough,2018-03-31 18:07:42,1522508862.0
saddflower_,Ÿí,2013-03-01 14:34:01,1362141241.0
paulatelur,Paula √Ålvarez ŸÜ,2012-06-11 10:37:35,1339400255.0
maanbandojo_84,Marnella,2017-12-31 08:53:51,1514699631.0
coffeeplug92,Ci Ci,2009-10-18 23:56:20,1255899380.0
serayfirat,Seray,2016-12-10 21:51:03,1481395863.0
mhmmdblgn82,Muhammed Bilgin,2018-04-17 11:36:25,1523954185.0
cecerose__,CCüéÄ,2016-06-21 02:16:07,1466464567.0
sam_chimhope131,Sam_luv71318,2018-05-01 10:02:28,1525158148.0
Eduardav09,Eduarda Vitorino,2017-01-25 20:20:18,1485364818.0
jmbmdm,Jo√£o Machado,2009-02-19 13:46:06,1235043966.0
StormVale4,Andrew,2016-02-16 20:22:58,1455646978.0
WFCMooseMadison,Stephen Favata,2011-04-14 15:33:48,1302784428.0
Samanthakimx,samantha galloway,2012-07-06 16:39:34,1341581974.0
MilkaS2_,#QUEROMEUTEAR,2016-05-01 13:38:52,1462099132.0
totomilow,‚ù§Ô∏è Milow ‚ù§Ô∏è,2018-05-01 10:30:49,1525159849.0
AngieSu78352847,Angie Suarez,2018-04-21 13:32:10,1524306730.0
SzymonGamingDBQ,Szymon Gaming DBQ,2018-02-21 21:11:38,1519236698.0
chelinpupi,Gallegomiro,2010-05-11 21:26:25,1273602385.0
jen_austin_,"üè≥Ô∏è‚Äçüåà L√∏ve, Jen üíß‚òÅÔ∏è",2017-04-24 05:20:47,1493000447.0
benitesjenni101,Jennifer‚ú®,2017-11-23 13:27:56,1511432876.0
MelvyMediana27,melvy_mediana27,2018-04-28 06:06:08,1524884768.0
vinnu98,vivek,2013-04-28 05:53:48,1367117628.0
eightinc,Eight Inc.,2009-12-15 20:08:27,1260900507.0
eucursino,Bea,2012-05-06 17:27:24,1336314444.0
KXNGL_,KXNG L.,2010-05-23 21:30:56,1274639456.0
andilel423,LEMBECY,2016-03-06 09:10:10,1457248210.0
WhoopsLiew,EddieLiew,2011-03-12 10:50:25,1299919825.0
paulatuazon7,paulatuazon,2018-04-30 11:47:54,1525078074.0
CharlieHarrisJ2,Charlie Harris Jr.,2018-02-07 20:37:30,1518025050.0
dreh_shobane,Dreh Shobane,2018-01-13 06:23:33,1515813813.0
iamjTimberlake2,Justin Timberlake,2018-05-01 10:24:35,1525159475.0
mw212376,mwbritebaking4real,2012-10-17 00:30:39,1350423039.0
NeroVivace,Nero Vivace,2016-02-24 19:22:43,1456334563.0
DungNguynTh2,Dung Nguy·ªÖn Th·ªã,2018-05-01 10:26:12,1525159572.0
realabidhussain,Abid Hussain,2015-11-13 13:35:09,1447414509.0
nurolsdtozel,nrlsdt√∂zel,2018-05-01 09:59:18,1525157958.0
JorgePa76572620,Jorge Pardo,2018-04-14 03:55:11,1523667311.0
marianafuny,Mariana Martinez M.,2012-01-26 20:06:35,1327601195.0
hanpham18072002,H√¢n Ph·∫°m,2018-03-25 02:52:07,1521935527.0
golsaras,golsa,2013-06-16 14:05:49,1371380749.0
zaraavicii23,fu3ca,2018-05-01 10:17:20,1525159040.0
MennaBarakat16,M E N N A üí•,2018-04-11 15:13:51,1523448831.0
madeline_holly8,Maddie,2017-12-01 21:36:25,1512153385.0
CoelWu,Coel Wu,2018-04-28 11:45:24,1524905124.0
Dire_Game,Dire,2018-05-01 09:16:43,1525155403.0
Vstalker2233,Vstalker223,2018-04-05 17:59:49,1522940389.0
thegameofjerem,Jeremy,2017-08-25 20:36:52,1503682612.0
clanrenceford09,clarencefor09,2018-05-01 09:56:26,1525157786.0
PierceTheBlacky,im trash,2017-03-22 06:53:19,1490154799.0
huseyin717,h√ºseyin Uygun,2011-09-27 06:01:09,1317092469.0
TanishKothariBG,Tanish Kothari,2018-04-26 13:06:13,1524737173.0
uederson_santos,Uederson Santos,2016-05-16 15:12:31,1463400751.0
AlbiteJaneeee_,Haneee üå∏,2018-05-01 08:19:37,1525151977.0
Derrick_diego1,Derrick Cazaubonüòõüí¶,2012-11-26 23:07:07,1353964027.0
aleee_calzoni,Alessia,2016-12-25 19:04:39,1482681879.0
Min_SugAbby,Faith Abbygaile Bejo Min (ÎØº Ïï†ÎπÑ),2012-01-30 09:49:50,1327909790.0
ThuyTra50806143,ThuyTrang,2018-04-09 19:25:38,1523291138.0
arbolado_fel,Fel Marie Arboladoüíú,2017-09-19 14:08:17,1505819297.0
Vuongxuanphuon3,Vuong xuan phuong,2018-05-01 10:01:46,1525158106.0
KayElleJB,Karl-Lydie,2010-06-08 22:09:34,1276024174.0
aranetajena,Jena Araneta,2011-06-24 20:17:26,1308935846.0
Kinglusher_IAM,DiamondTool,2018-03-12 16:19:23,1520860763.0
prncess_ncle,princess nicole‚ô¢,2018-04-14 11:33:03,1523694783.0
IresenArafah,Iresen Arafah,2017-06-18 04:03:56,1497747836.0
belaspessirits,Isabela Spessirits,2012-09-14 21:28:17,1347647297.0
tugceakcora,Tuƒü√ße Ak√ßora,2014-04-24 14:14:24,1398338064.0
SxnninRuu,SxnninRuU,2012-07-01 08:25:06,1341120306.0
e_liscatko,E-li≈°ƒç√°tko,2016-10-25 16:23:42,1477401822.0
Tneo1E,ETneo1,2018-04-26 20:46:52,1524764812.0
MH93103775,M.H,2018-04-25 13:08:42,1524650922.0
gauridixit26,gauri dixit,2018-04-30 04:58:25,1525053505.0
apiginacage,Carolina P.S.,2011-05-05 07:09:26,1304568566.0
cheznico_,Nico,2017-11-29 03:11:19,1511914279.0
jre46314252,jre,2018-05-01 04:10:07,1525137007.0
securitysami1,Sami DESPERADO,2018-04-11 08:39:00,1523425140.0
Janaina76465150,Janaina,2018-04-18 11:33:41,1524040421.0
BryannBernal,Bryann Steven,2013-09-05 01:44:40,1378334680.0
fyns1968,fyns1968,2018-05-01 09:20:57,1525155657.0
dmd8026,Dman,2012-07-09 23:42:54,1341866574.0
UnwiseWings0973,Bayley Hanson,2013-04-13 16:58:48,1365861528.0
Garfield_Andrcw,Andrew Garfield,2018-04-18 21:19:54,1524075594.0
danianthy,Danianthy,2018-04-09 08:31:44,1523251904.0
Danparker257,Dan,2016-02-21 16:24:58,1456064698.0
Delbar_nk,Delbar,2018-05-01 09:06:57,1525154817.0
RogeH29,Roge,2013-06-06 03:18:17,1370477897.0
ihtimall3r,Ferdi Olgunsoy,2018-04-30 15:01:22,1525089682.0
JaguarMichelle,Michelle-Jaguar,2018-04-30 20:01:51,1525107711.0
takethe_world,Take The World,2016-10-19 22:13:05,1476904385.0
keysoundsuk,Key Sounds UK,2018-04-09 20:03:24,1523293404.0
Suchartsriplie1,Suchart sriplienchan,2017-05-16 09:25:12,1494915912.0
mac_maccas,maccas,2018-05-01 09:08:29,1525154909.0
reyesdcamila,UnaTal..,2009-09-06 03:20:39,1252196439.0
TatianeEllen1,Tatiane Ellen,2012-04-04 20:24:10,1333560250.0
hellotobanana,Brigitta,2015-12-22 07:26:38,1450761998.0
rimecash,rimecash,2015-07-28 00:31:26,1438032686.0
carloplimon,CPL Aira,2015-08-02 09:40:16,1438497616.0
SchonCold,Schon Cold,2018-04-28 15:43:12,1524919392.0
TolentinoAbii,Abii Tolentino,2018-04-15 01:20:06,1523744406.0
Thato_Chris,Thato Chris,2009-11-23 13:57:19,1258977439.0
KianEvans09,Kian Evans,2018-05-01 08:57:33,1525154253.0
DalidaKatkat,Katkat_Dalida,2018-04-19 00:43:09,1524087789.0
Taha26688721,Taha,2018-02-19 15:38:05,1519043885.0
Royaltysinc,Royaltysinc,2015-07-17 23:06:28,1437163588.0
Zaridd,JD,2013-01-24 03:25:53,1358990753.0
valentinfocko,Valentin Focko,2016-02-22 10:42:13,1456130533.0
pushpendrayadv,Pushpendra Yadav,2011-06-06 03:51:54,1307321514.0
mamad62034281,mamad,2016-11-08 12:09:21,1478596161.0
ViggoHeterJag,Viggo Hansson,2014-01-03 23:57:31,1388786251.0
lazyeye00578690,lazyeye Track Minded,2018-04-11 04:26:53,1523410013.0
HippieSoldier_,?,2018-02-13 02:38:12,1518478692.0
KaushikcKaushik,Kaushik choudhury,2012-08-11 10:41:36,1344670896.0
MuhammmedAbdul2,the crazy gamer,2018-05-01 08:49:42,1525153782.0
DonaldOfficial3,Donald Bell-Gam üòÅ,2018-05-01 07:40:04,1525149604.0
LauritaLaurute,Laurita Laurute,2018-04-26 10:47:02,1524728822.0
Taika2018,Sari Ojala,2018-05-01 08:39:26,1525153166.0
AlbertoLopezAr1,Luis Arenas,2014-01-12 09:39:09,1389512349.0
SNgcobosszzzz,Sim'bambile Izanembazo!!!,2018-04-30 18:48:01,1525103281.0
akaPoysian,Lewis | Tokyo,2018-04-18 13:15:58,1524046558.0
Sudenaz13BTS,BTS 7-1=0,2018-05-01 08:35:40,1525152940.0
johns_sin,Cleo,2011-08-10 06:00:00,1312945200.0
YigitcanUcak3,Yigitcan Ucak,2018-05-01 08:42:36,1525153356.0
ZackSaile7,1186218-121916826,2010-12-06 22:43:29,1291668209.0
KhnhHuy61383948,Kh√°nh. Huy·ªÅn,2018-05-01 08:41:34,1525153294.0
animalveg,animalveg  ‚ìã,2012-04-05 17:16:44,1333635404.0
Sandrick13,Sandrick,2009-07-04 11:14:57,1246695297.0
tinishamills8,tinishamills,2018-04-09 12:06:21,1523264781.0
jamspjm,sevendeadlyboysüíï,2018-03-06 00:36:20,1520285780.0
Joe_O_Leary,Joe O'Leary,2009-05-17 12:13:38,1242551618.0
hamima2,Martin Hamilton,2010-08-18 22:06:26,1282158386.0
Min_rosiyanti,Rosiyanti_MY,2018-05-01 07:57:19,1525150639.0
Ziadj7377,ZiadJamal10,2018-04-30 22:41:23,1525117283.0
shinies_gd,TheRealShinies_GD,2018-05-01 08:36:32,1525152992.0
A1satisfy,È´òÊßª Ôº°„Å°„ÇÉ„Çì „Å≤„Å®„Çä„Çà„Åå„Çä,2017-04-23 10:23:44,1492932224.0
morphlyx,Morphlyx,2017-10-23 11:41:43,1508748103.0
SpaceNewTot,Space,2018-04-20 08:10:45,1524201045.0
nsywurbexxx,urbexnkmrh,2018-04-15 01:17:33,1523744253.0
AdrianAsah,Adrianinho ,2015-02-01 04:35:20,1422758120.0
istin_r4,iestin,2017-04-16 05:02:53,1492308173.0
Cosnotebook,Co,2018-03-08 15:08:28,1520510908.0
Cocoa41977670,Cocoa,2018-04-30 13:56:32,1525085792.0
AilesYeecall,Ailes Yeecall,2018-05-01 08:01:08,1525150868.0
Di920979787,Di-Èîã,2016-03-20 10:25:01,1458462301.0
ehrenieves,Shan Ehren,2010-07-18 11:14:56,1279440896.0
balbuena_bc,Carlos Balbuena,2018-04-16 18:13:02,1523891582.0
PerezSalaya,Iv√°n P√©rez Salaya,2010-02-17 02:26:40,1266366400.0
Mera21664195,Mera,2018-05-01 08:26:39,1525152399.0
CGV301995,ÍπÄÌÉúÌòï ÌïòÎÑêüíú,2018-03-26 21:59:15,1522090755.0
RubenCS19,ÊµÅÂºÅ,2011-12-08 18:15:37,1323360937.0
FLERoleplay,FLE Roleplay,2017-04-20 07:49:49,1492663789.0
DaGuyam_,Anthonette,2018-01-14 12:43:51,1515923031.0
LeikarnesTindra,Tindra Leikarnes,2017-08-21 15:04:31,1503317071.0
Roxy_Didindo27,Kitty‚ô°,2011-09-13 06:22:00,1315884120.0
nrarnaazmi_,ŸÜŸàÿ± ÿßÿ±ŸäŸÜÿß,2018-04-28 07:24:09,1524889449.0
angeloybayron,Angelo Chito,2016-11-15 14:38:12,1479209892.0
amyyylouiise,amyyy,2018-03-09 22:11:03,1520622663.0
ZeqaAgon,Agon Zeqa,2018-05-01 08:17:34,1525151854.0
ShroukAmjad,Shrouk Amjad,2018-03-20 02:15:53,1521501353.0
JackNovaMusic,Jack Nova,2012-06-24 08:59:03,1340517543.0
Corramed,Êú®„ÉéÂ°ö‰ΩôÊ≠å,2014-08-01 00:27:40,1406842060.0
Erobanky1,Erobanky,2018-05-01 07:57:40,1525150660.0
hzpzy_,‡∏£‡∏≠‡∏á‡∏õ‡∏£‡∏∞‡∏ò‡∏≤‡∏ô KINN,2010-08-17 23:29:02,1282076942.0
sixonthefix,sixonthefix,2017-06-21 17:08:01,1498054081.0
xaatoszx,xaatos,2018-05-01 08:14:07,1525151647.0
byulzizi,Let the body talk.,2016-08-15 06:28:32,1471231712.0
agbonmaejoy,Tayapüíïüëë,2018-04-06 12:27:31,1523006851.0
Nicol31097763,Nicol,2018-02-23 08:54:32,1519365272.0
EmilyBrinnand,Emily Brinnand,2010-04-10 17:09:26,1270908566.0
krisnamillaray,Krisna Andrades,2013-10-23 03:06:31,1382486791.0
jaycenamour,Jaycen A'mour,2009-09-22 01:02:00,1253570520.0
RifatH0ssain,Rifat Hossain,2015-11-25 12:56:55,1448449015.0
renato_giuliano,Renato Giuliano,2015-07-19 08:00:34,1437282034.0
humblevits,HV.,2018-05-01 07:47:40,1525150060.0
BangtanPrince12,Bangtan Princess,2018-05-01 07:51:03,1525150263.0
mc_runde,MC Runde,2013-07-29 20:47:29,1375120049.0
Rikis_01,Rikizz,2017-08-10 12:57:37,1502359057.0
lino_safstrom,√únknown?¬ø,2016-05-14 07:34:58,1463200498.0
stavrosph,chinx,2011-11-13 00:15:39,1321136139.0
Marie_Paola_,Marie-Anne,2018-04-30 18:43:16,1525102996.0
CHINAARMY1011,CHINA ARMY,2018-05-01 05:15:00,1525140900.0
jkjosiah1,jkjosiah,2018-04-28 06:13:53,1524885233.0
EvertRayJohn,Evert Sansing,2009-10-05 16:02:52,1254747772.0
Lozjos,Lozjoslin,2017-01-25 21:22:28,1485368548.0
Nhlakan20302928,Nhlakanipho Sibisi,2018-05-01 07:44:33,1525149873.0
Yougames16,Yougames,2018-04-30 19:56:36,1525107396.0
acountABCD,Zara.MD. please don't follow me because;,2018-01-13 20:16:24,1515863784.0
MusicalHibikase,M A Y N I 0 2,2016-08-20 13:03:51,1471687431.0
weetabex,bex,2016-08-22 22:10:55,1471893055.0
TuanTang88,Tom,2015-01-23 16:31:02,1422023462.0
CandareMark,Mark Candare,2011-10-14 13:53:28,1318589608.0
blerpylorp,boop lerp,2018-04-03 14:16:54,1522754214.0
Dothimailinh1,Dothimailinh,2018-05-01 07:40:36,1525149636.0
VictorFake1910,Victor Fake,2018-05-01 01:08:22,1525126102.0
iamemrecvk,Emre,2018-04-25 19:08:02,1524672482.0
LokkeEmil,Emilyy,2016-04-19 06:07:58,1461035278.0
shelah_duncan,Shelah Duncan,2017-09-01 19:19:52,1504282792.0
Julian38980375,Julian,2018-05-01 07:29:26,1525148966.0
AlexaNavoa,KimLexang_99,2015-11-14 05:55:40,1447473340.0
Priscil45890687,Priscila Sousa,2018-04-12 22:26:10,1523561170.0
MatmazeLaL,LaL,2012-04-26 09:34:44,1335422084.0
2014Calebsmith,Caleb smith,2017-06-28 23:40:12,1498682412.0
ideojo,Diego Avila,2018-04-28 16:13:37,1524921217.0
Tiaguinho_1909,Tiago Bittencourt,2017-12-16 03:01:40,1513382500.0
Wizzk18,Wizz,2018-04-30 17:12:50,1525097570.0
MattiaB78749621,Mattia Bruno,2018-04-29 08:17:22,1524979042.0
Alliah62797578,Alliah,2018-04-23 05:07:11,1524449231.0
mert_ismail1,mertismailovacik,2018-04-30 19:35:19,1525106119.0
_6__A,Swimin üñ§üíï,2017-01-04 12:56:17,1483523777.0
5kast,Super Mario #HOT,2012-05-27 21:20:28,1338142828.0
natty403,Nat,2010-11-16 07:53:15,1289886795.0
chrisryandj,Chris Ryan,2018-04-09 04:19:55,1523236795.0
WBendjelloul,Bendjelloul Wadoud,2015-08-03 14:44:05,1438602245.0
Official3rixie,3rixie,2010-03-27 23:51:18,1269726678.0
Kweeuu_hp,Ôº´ÔΩóÔΩÖÔΩÖÔΩïÔΩï,2018-01-17 12:44:50,1516182290.0
siihomama525,„Åó„Åª„ÄÇ„ÄÇ@BTS_twt„Å§„Åë„Çã‚ó°Ãà‚Éù‚ãÜ*„Çè„Åã„Çâ„Çì„Å™„Çã„Öá_„Öá,2016-09-26 06:19:35,1474859975.0
Pnar03753803,pƒ±nar,2018-04-23 11:02:03,1524470523.0
NguynNh21682375,Star‚≠ê‚≠ê,2018-02-14 04:18:41,1518571121.0
EmreKAR40425167,Emre KARAKAYA,2018-05-01 07:03:59,1525147439.0
dukset,Eduarda,2017-02-21 01:40:01,1487630401.0
ovo_greens,OVO_GREENS,2010-09-16 20:02:51,1284656571.0
Christi07193269,BTS Christine,2018-05-01 06:13:53,1525144433.0
Natalia78985388,Natalia,2018-05-01 06:57:37,1525147057.0
seekm789,See Kuan Meng,2018-01-26 09:19:08,1516947548.0
AliFahs93811779,Ali Fahs,2018-04-30 14:33:40,1525088020.0
Ayakha96239433,Queen Savege,2018-04-05 19:12:36,1522944756.0
katbrandonmks,Miss Kitty Sparkles,2010-04-23 10:24:35,1272007475.0
orianagm,Oriana Guerrero,2009-11-14 18:00:23,1258214423.0
Kymdasilva50471,Kymdasilva5047@gmail.com,2018-03-31 17:22:31,1522506151.0
BeridoRavie,Ravie_Kim,2018-04-30 14:00:11,1525086011.0
DasaShreeya,Shreeya Dasa,2018-04-23 15:54:30,1524488070.0
MeghanMcLeod13,Meghan McLeod,2018-05-01 05:19:37,1525141177.0
Jared140014,Jared Ackley,2011-03-22 22:29:45,1300825785.0
Shelvya15,Shelvya,2018-03-30 04:10:00,1522372200.0
iwantmorepets,stanbangtan,2018-03-02 07:30:10,1519965010.0
iimjoo,Gonzalo!,2009-10-07 05:37:19,1254883039.0
DaisyBuncal,düíñ,2018-03-25 07:07:00,1521950820.0
KarlaAlv2,Karla Alv.,2018-05-01 06:13:15,1525144395.0
predohsz,pedron,2018-02-26 23:45:42,1519677942.0
Feedrik1,Feedrik,2018-03-24 09:15:40,1521872140.0
aida_on,Aida,2018-04-22 07:42:13,1524372133.0
umasiyon,umasiyo.exe,2018-02-05 05:01:56,1517796116.0
liuyz810,Liu Yangzi,2011-10-06 03:49:23,1317862163.0
babesjjk,s,2018-04-30 22:03:52,1525115032.0
Joshuashinerock,Joshua Shinerock,2010-06-20 16:38:57,1277041137.0
MinyoonieA,Minyoonie_Army2018,2018-04-08 22:44:27,1523216667.0
mrselyylmaz1,M√ºrsel Ya≈üar Yƒ±lmaz,2017-10-06 09:39:25,1507271965.0
carina4714,Carina Oropeza,2011-11-01 21:58:50,1320177530.0
ali_darwanto,ali darwanto,2014-07-12 12:25:56,1405157156.0
AshleyCevallos3,Ashley Cevallos,2017-11-12 22:01:05,1510513265.0
BTSMin59878,ÏâêÏù∏ ÌïòÎ≤®,2018-04-30 00:53:32,1525038812.0
coln17ovv,Coln17ovv,2018-04-30 10:44:58,1525074298.0
fvghb_abo,Abo Salem,2016-05-02 17:28:35,1462199315.0
LekaiTong,Lekai Tong,2012-07-15 07:54:17,1342328057.0
Rubenag90844590,Ruben aguirre,2018-05-01 06:21:16,1525144876.0
ghabrielmachado,storm,2011-01-26 00:41:39,1295995299.0
beathephan,beaaa ‚ù§Ô∏è,2016-03-28 02:08:35,1459120115.0
twentyone_phan_,hello my name chefff,2017-09-21 14:47:20,1505994440.0
SheenaMaeMalik2,Sheena Mae Malik,2018-03-10 04:22:17,1520644937.0
SpheleleSthemb6,Sphelele Sthembiso,2018-04-24 20:16:18,1524590178.0
Prince08495921,Prince,2018-04-29 19:39:28,1525019968.0
fariz_ap,Fariz Purnomosidhi,2009-07-07 02:04:28,1246921468.0
LaLasGucciBaby,AllanaAhdiyaGuidry,2011-05-18 13:01:47,1305712907.0
Artist_Maddness,ArtistMaddness,2018-04-28 01:52:52,1524869572.0
technicfreakHD,TÃ∂ÕíÕÅÕÅÕÄÕòÃöÕÄÕùÃ®Ã¢Ã•ÕúÕáÃóÃØÃ†ÕúÃÆÃ≥ÃúÃ≥eÃ∑ÕåÃÜÃõÃÜÃâÕíÃ±ÕéÃØÃØÃÆÕÖÕöcÃ∏ÕÑÃøÃõÃ´ÃóÕìÃóÃ≥ÕáÃñ,2015-03-15 10:06:12,1426406772.0
Estafada4ever,La Pizza De Chris üá¶üá∑,2017-10-20 14:20:33,1508498433.0
yhellehs,HarryStylesMNL üåª,2016-12-06 14:00:40,1481022040.0
b37176085,Evelyn Bonilla,2017-09-06 09:37:50,1504679870.0
annieveiga,annijay ~,2014-06-02 01:06:20,1401660380.0
Amylee881hotma1,Amylee881@hotmail.com,2018-04-28 06:26:40,1524886000.0
dumaguit_ronan,Ronan Dumaguit,2014-01-08 20:59:42,1389207582.0
r_sarol,Sarol Jay-r,2018-04-30 23:20:34,1525119634.0
Lov3N3ko,Ariel,2009-05-26 01:37:34,1243291054.0
agungbudiman_,Agung Budiman,2009-06-02 22:16:20,1243970180.0
Hm_1INA,INA_Hm,2013-01-17 13:15:57,1358421357.0
GiftPopa,B.I.G Poppa üòéüòéüí•üí≠ü§¨üî•,2014-04-12 06:48:38,1397274518.0
Charlotteamy99,Charlotte Amy Adkins,2012-06-04 21:20:32,1338834032.0
sasha__ASD,ARMYSELCADAY,2018-05-01 05:51:49,1525143109.0
luyandaZondi4,luyanda Zondi,2017-06-28 09:40:55,1498632055.0
4bight,4bright,2018-03-22 08:48:58,1521697738.0
btaborn2,Bryant ü¶Ö,2009-04-07 19:05:44,1239120344.0
karysebas16,KaryWar,2010-11-13 13:30:44,1289647844.0
G1A_BT5,~GL@~,2017-08-03 21:06:36,1501783596.0
dvayungie,Dvayungie,2018-04-24 17:18:47,1524579527.0
thejajampani,Theja J,2009-12-06 11:45:03,1260092703.0
matsuotest,„Éû„ÉÑ„Ç™,2007-11-12 02:15:47,1194826547.0
paguarce_arias,‚Ä¢A R I A S‚Ä¢,2013-11-02 00:06:12,1383343572.0
Delgado07May,RichelleMayDelgado07,2018-05-01 05:38:48,1525142328.0
CarlosOAlgo,Carlos,2016-07-19 02:08:55,1468883335.0
Adam_A_Berlian,Adam Azisu Berlian,2012-02-23 09:29:07,1329982147.0
RafiCanvas,RAFI THE LOVE CANVAS,2018-04-30 11:41:41,1525077701.0
Ash3r_B3rgad0,Asher Bergado,2017-05-05 13:31:47,1493980307.0
Kary26999863,Kary,2018-04-30 22:55:35,1525118135.0
virginiadelta,BetsyG,2012-06-20 17:14:23,1340201663.0
jake_mangino,jake,2013-11-16 22:07:35,1384632455.0
PlayBoiNate414,BigGucciNateüòàü§¥üèΩ,2018-05-01 04:07:18,1525136838.0
preciousshawnn,duda; stitches ‚òÜ,2017-10-21 23:18:37,1508617117.0
mayumy_anne,Mayumy_anne,2017-12-13 03:56:20,1513126580.0
NMesserschmitt,ƒåikoTaj¬Æ,2014-03-06 22:52:05,1394139125.0
ZahraP1997,z@hraP,2017-04-24 13:06:11,1493028371.0
insulation102,tran van cong,2018-05-01 05:27:54,1525141674.0
Tunes_Dude,Tunes Dude,2015-01-09 02:47:23,1420764443.0
0kkrung0,¬∞KYLIE¬∞,2014-05-16 06:34:18,1400211258.0
RatuImanda,MandaChimChim,2017-04-30 14:06:06,1493550366.0
brittfyall,Britt,2009-05-19 23:32:04,1242765124.0
gregson_tee16,Gregson Marvey Tee,2017-04-10 09:18:22,1491805102.0
kacekace219,Kacie Wilson,2014-05-26 02:03:42,1401059022.0
xeonspiral,Santiago,2018-05-01 05:04:45,1525140285.0
cristianemarch4,cristiane marchese,2018-05-01 05:19:40,1525141180.0
KAUSHIKNRAO,Kaushik N Rao,2013-04-04 07:16:39,1365048999.0
MCGOLFER2,Matt Cornick,2015-12-25 17:55:26,1451058926.0
_atine_,Atine,2011-04-11 07:48:17,1302497297.0
_agu_us_,‚ô•ÏïÑÍµ¨Ïä§Ìã∞ÎÇò Í≥†Î©îÏä§‚ô•,2018-04-30 02:19:04,1525043944.0
talkmedown0131,Vine,2018-05-01 05:12:05,1525140725.0
Kieno_M,Kieno,2018-05-01 05:03:28,1525140208.0
850brandon1,850brandon,2018-05-01 05:12:30,1525140750.0
nrdnLe3EgtNqInv,‡∏≠‡∏†‡∏¥‡∏ä‡∏≤‡∏ï‡∏¥,2018-03-14 10:40:02,1521013202.0
Patrici16834066,Patricio Rodr√≠guez,2018-04-30 17:43:47,1525099427.0
bts_babies27,BTS Babies üíú,2018-04-30 05:03:10,1525053790.0
MiOtroY10528648,As√≠ o m√°s üíÖüíÑ,2018-01-26 06:11:26,1516936286.0
New_Rebelz,Hey Rebel,2017-07-14 15:58:02,1500037082.0
zul0nas,Kasparas,2017-07-16 09:20:50,1500186050.0
adarshrockz3,adarsh rockz,2018-04-28 05:08:49,1524881329.0
Forever_Wop,Sav Wop,2018-05-01 04:52:51,1525139571.0
dixoncordell,Dixon Cordell,2011-08-20 16:31:52,1313847112.0
JoseEduardoAlle,Jose Eduardo Allende,2009-09-21 23:10:43,1253563843.0
EvelynF57922639,üí¶‚Ä¢Evelyn Flores‚Ä¢üí¶,2018-04-17 09:04:35,1523945075.0
deejayhills,Wendel Hills,2011-07-17 16:31:38,1310909498.0
techsavvydiva,Nica Montford,2010-04-20 14:08:14,1271761694.0
Savanna_Ward_,Savanna Ward,2012-05-20 19:30:26,1337531426.0
Abraham10696769,Abraham Martinez,2018-04-18 04:10:23,1524013823.0
ktaehyungqtqt,Kim Taehyung,2018-02-23 05:57:12,1519354632.0
DJDOIT1,DJ DO IT,2011-12-16 01:01:01,1323990061.0
H4rry_S28,Heri,2017-11-20 13:36:02,1511174162.0
shane_bridgeth,Shane Bridgeth Remoluna,2018-05-01 04:50:25,1525139425.0
ichovonne,M√°quina de dulces,2018-02-19 06:07:03,1519009623.0
TrosalesAlberto,Alberto TRosales,2018-05-01 04:54:46,1525139686.0
drini236,D Slim,2016-12-22 18:17:20,1482419840.0
canu_diva,Diva Canu,2017-12-25 03:33:23,1514162003.0
Kennedy3857,Kennedy O'Connor,2012-11-18 02:23:40,1353198220.0
acharya_saugat,Saugat Acharya,2009-08-12 08:53:01,1250056381.0
gensierea,Gea Alvarez,2018-03-22 09:06:24,1521698784.0
ParkKeira1,Park Keira üíì,2018-04-15 06:53:33,1523764413.0
scamma43,Michael Scammell,2010-08-09 13:44:32,1281350672.0
IsabelCosigua,Issa_Coss,2015-07-31 22:08:45,1438369725.0
Oja0UkWzMjn8r0p,Thomas,2018-04-29 14:11:47,1525000307.0
tmgallman,Tamara Gallman,2011-12-05 06:57:05,1323061025.0
aruan_me,aruan,2017-12-11 01:54:16,1512946456.0
MuroFabian,Fabi√°n Omar Muro Muro,2014-03-14 23:53:24,1394834004.0
danielaeunicec1,park jimin,2018-05-01 04:23:37,1525137817.0
Seokjoonie_98,Eli :),2018-02-08 15:26:55,1518092815.0
Scrubalupagus,Scrub A Lupagus,2014-01-30 22:56:16,1391115376.0
agotana_nicole,Johnny Orlando,2017-10-17 02:58:06,1508198286.0
edugomes1973,CADU GOMES,2018-02-16 21:06:40,1518804400.0
njstaley,Nick Staley,2011-10-23 02:14:08,1319325248.0
KenDeng15,Ken Deng,2018-01-23 04:09:55,1516669795.0
AndreaGle2,Andrea Gle,2018-05-01 04:06:57,1525136817.0
BerrellezaAnge1,Berrelleza_Angel,2018-05-01 04:32:58,1525138378.0
Dianeka18414594,Dian ekasari,2018-05-01 04:37:38,1525138658.0
nastykiddos,zombies,2017-02-13 11:51:24,1486975884.0
bang7an_jhope94,knshn,2018-01-16 07:29:39,1516076979.0
Claudia85072231,Claudia Linares,2013-12-09 17:51:48,1386604308.0
starlove1529,Myriam,2016-12-26 04:34:28,1482716068.0
MiaMartnez9,Mochi ¬§_¬§,2018-04-24 01:59:16,1524524356.0
Yyonna_D,Yonatan Dessalegn,2017-07-18 07:48:02,1500353282.0
Lorrain57098034,Lorraine Dias,2018-04-29 11:23:44,1524990224.0
jpedroalvarenga,jjjjj,2016-06-22 12:28:40,1466587720.0
Sona_Jenni,SonaliS.,2013-01-10 06:20:50,1357791650.0
ThoanLy,Ly Thoan,2018-04-10 14:21:57,1523359317.0
darkknightspam1,darkknightspammo,2018-04-30 09:39:47,1525070387.0
julitoperez122,Julio Perez,2018-01-28 00:20:35,1517088035.0
nayunayu7777,„Éè„É≥„ÉÅ„Éß„Ç¶,2011-05-21 12:05:15,1305968715.0
Diihsantoso,Diogo Santos,2016-01-05 00:34:33,1451946873.0
itsmeshayrii,that's_shyra,2018-04-30 07:05:26,1525061126.0
Le0nard0_9987,Leonardo Torres,2018-05-01 03:50:26,1525135826.0
Dexton70317238,Dexton,2018-05-01 04:25:52,1525137952.0
Eduardo29342718,Eduardo G'R,2018-04-21 04:22:31,1524273751.0
cmgoldglit,Corey Goldglit,2012-03-07 23:14:17,1331154857.0
shelb___,üêöüêù,2011-10-10 00:53:04,1318197184.0
FluxOfficial3,Flux,2018-04-28 23:59:52,1524949192.0
Pryde,RUSSELL! ~ may 28,2009-03-20 16:49:50,1237560590.0
_L7G1L6,ÊùéÂÜ†Èúñ,2018-05-01 04:14:59,1525137299.0
Francis49226887,Francisco Montoya,2018-04-16 16:45:56,1523886356.0
Damonfg,damon,2009-06-23 03:02:46,1245715366.0
AlvizoSabrina,Sabrina,2012-03-06 19:37:31,1331055451.0
BFTL406,Blake From The Lake,2018-05-01 02:41:57,1525131717.0
mathviniciu,mavi,2011-05-09 23:08:20,1304971700.0
mathueuscosta,matheus ferreira,2013-06-12 00:28:17,1370986097.0
noravanelken,Nora Van Elken,2018-03-06 19:33:08,1520353988.0
Humanezco,RULO,2016-11-02 21:24:21,1478111061.0
Giovann64926628,gioh ama KIM TAEHYUNG  D+ :).,2017-11-20 04:42:29,1511142149.0
naomilene,naomi,2018-04-18 02:29:05,1524007745.0
emaze,________,2009-01-11 00:14:00,1231625640.0
osidejt,John Thompson,2009-04-30 03:59:25,1241053165.0
T4ntrums,Sean Umlas,2018-04-30 13:47:00,1525085220.0
SibekoSanchez,Donald Sibeko,2017-07-24 12:02:57,1500886977.0
MuhdHakimicool,Muhd Hakimi,2017-10-14 13:28:21,1507976901.0
mrjamesowenmusi,daniel owen,2017-05-07 09:30:29,1494138629.0
ClaireKyeopta,Kyeopta Claire,2018-04-29 10:18:00,1524986280.0
missdanfili,Danielle filiatrault,2010-02-27 13:51:51,1267271511.0
ContrerasSharil,SharilDeLosAngeles,2016-01-12 23:07:44,1452632864.0
ZadquielOrtiz,Z√ãDM√ò,2013-10-17 22:08:13,1382036893.0
3dwinCmusik,3dwinC,2011-11-29 16:15:08,1322576108.0
xoxoyanke,"xoxo, Yanke. | SDV ou UNF",2016-09-10 18:34:31,1473521671.0
Angelaramos103,Angela ramos rodriguez,2018-05-01 03:49:50,1525135790.0
FootySeb,S√©bastien Lessard,2015-02-09 22:46:53,1423514813.0
KeyrenNatasha,Keyren Natasha,2018-04-16 02:10:13,1523833813.0
ginadanielle_10,Gina Hernandez ‚ù§Ô∏èüåπüíã,2015-09-22 20:25:55,1442942755.0
AzzouzArslan,arslan azzouz,2018-04-30 11:44:51,1525077891.0
wildtorchic,Andrea Baz√°nüê£,2010-01-21 22:37:50,1264106270.0
BamHalenn,Bam H,2013-08-04 22:58:55,1375646335.0
loissa_pikot,Loissa Abalosüå∏,2018-01-05 15:01:43,1515153703.0
RvnMunoz,RvnMu√±oz,2018-04-25 07:12:14,1524629534.0
ayishyoongi,ÏïÑÏù¥Î¶¨Ïä§üîÜ,2017-11-09 07:37:59,1510202279.0
MelissaSki1,Misski,2017-08-21 08:43:50,1503294230.0
crmayorquin49,Carlos Mayorquin ,2013-04-30 20:32:37,1367343157.0
VTYNhi410,Y·∫øn Nhi,2017-06-05 14:48:35,1496663315.0
_hellolly,h e ll o sya,2018-04-05 14:35:45,1522928145.0
china_bianchi,giuli china bianchi,2015-05-28 10:15:12,1432797312.0
LuisinhoOk,luisinho00,2015-03-23 21:54:40,1427140480.0
Milla_Ramxs,Milla üè≥Ô∏è‚Äçüåà,2013-01-06 02:57:27,1357433847.0
Angelik73714346,Angelika Gomez,2018-05-01 02:58:11,1525132691.0
hellowdhowdoudo,ü¶ã,2016-11-11 16:34:51,1478871291.0
thanhthanh_2000,B√©o ü§ó,2018-01-16 15:52:13,1516107133.0
arianaxmouth,ùíïùíêùíèùíèùíö;; üíß,2018-05-01 03:02:33,1525132953.0
rohithjack69,rohithjack,2014-06-11 14:26:38,1402485998.0
MikeChurchija,Mike churchija,2018-05-01 03:29:58,1525134598.0
PerlaVt353,PerlaVt,2017-11-19 22:51:27,1511121087.0
__Kaiiii__,kai;,2012-03-27 13:46:42,1332845202.0
AlcoberJaed,~ Jediüíúüíï ~,2017-05-21 08:35:37,1495344937.0
BET4_,Vit√≥ria,2018-04-24 20:18:29,1524590309.0
piyayoster,Piyayo,2013-02-26 17:19:40,1361891980.0
escarda_dette,Bernadette,2018-05-01 01:36:20,1525127780.0
RobbKhalifa,Robb Khalifaüí≤üíØ,2017-08-24 04:50:27,1503539427.0
ifavsagustd,Gio,2018-04-29 18:08:32,1525014512.0
faustoguibu,Fausto Guibu,2009-04-20 14:09:32,1240225772.0
blackag523,Ying,2018-05-01 02:01:19,1525129279.0
ains_durrnin,Ainsley,2018-04-09 02:17:46,1523229466.0
curtis14_rie,GamingDemon,2016-05-02 01:52:21,1462143141.0
topxzera,camila,2014-06-05 22:21:38,1401996098.0
Kuhurima_11,Marcel Kuhurima,2013-05-23 05:53:00,1369277580.0
hassah_ahmed,ÿßÿ≥ÿ™ŸÅÿ≤ÿßÿ≤ŸáŸÖ Ÿäÿ±ŸàŸÇ ŸÑŸä,2013-02-12 12:59:26,1360666766.0
Bryre7,Bryre Thomson,2018-05-01 03:08:11,1525133291.0
GussMR99,Gustavo Miranda,2010-06-12 18:48:08,1276357688.0
kplosee,Kendall Losee,2009-02-13 07:04:04,1234501444.0
_captain_dom,Dominic,2018-05-01 03:13:49,1525133629.0
Thiagocassimir0,Thiago Cassimiro,2018-05-01 02:04:28,1525129468.0
elmaaasr,e,2015-08-01 14:09:31,1438427371.0
imranibnismail,Imran Ismail,2010-01-14 04:49:24,1263437364.0
Mayfer90360569,MayferCh,2018-05-01 02:23:39,1525130619.0
23aWendy,Yanela Cerna,2013-07-09 15:59:03,1373374743.0
ivy02200,Ivy Lin,2013-03-15 16:05:12,1363356312.0
bellasaridwi,bellasaridwi,2018-04-30 02:45:32,1525045532.0
Vitasssa,mangetsu,2018-03-01 06:23:09,1519874589.0
lleeexxi,lexx,2018-03-27 19:10:36,1522167036.0
kghangass_kam,Kam,2014-03-16 05:05:58,1394939158.0
Juanluc81358418,Juan luciano,2018-05-01 03:11:11,1525133471.0
dnstrrfl,üê∞,2018-01-27 22:54:01,1517082841.0
sweetrini4,Naomi A. James,2009-09-18 03:20:44,1253233244.0
fagus_am,augusto,2018-04-26 01:17:49,1524694669.0
harrysmiles_02,Harry_Styles_Fan,2018-05-01 01:28:12,1525127292.0
Chloayye_,h≈ì,2018-02-22 18:40:16,1519314016.0
SAM_BAEEL,SAM,2018-02-23 23:22:47,1519417367.0
yoonmin9131,Min Yoonji,2018-05-01 03:05:40,1525133140.0
fernandostefan_,Shadow ü¶Öüåµü¶ã,2017-11-25 10:39:28,1511595568.0
Viviana48475003,CNCOWNERS PAISAS üåüüå†,2018-05-01 02:58:03,1525132683.0
_luanpxt,Luan Adorno ‚ö´‚ö™ 29XüèÜ,2010-06-23 00:12:21,1277241141.0
devi2028,Devika Budhu,2009-09-23 12:53:13,1253699593.0
ambassador_mg,Ambassador MG,2016-09-05 01:09:49,1473026989.0
shookylove,READY FOR BLACK THINGS,2017-09-29 13:53:22,1506682402.0
vasconcelucass,Lucas Vasconcelos,2017-03-14 19:34:12,1489509252.0
MarkAbedy,Mark abedy,2017-04-07 14:21:00,1491564060.0
jessxmndz,jess,2009-05-23 01:15:47,1243030547.0
AnneSophie_GC,Sophie Galvezüå∑ #PERUWANTSBTSCONCERTüáµüá™,2013-11-26 15:08:10,1385471290.0
kalina_suarez,@KALINA_SUAREZüê∞‚ù§üêØ,2017-01-12 04:48:49,1484185729.0
Javiergr1970,Javier gutierrez Rodriguez,2018-05-01 02:58:47,1525132727.0
gyhabreakrs,candy,2009-09-08 03:22:04,1252369324.0
Nadineg58580902,Nadine graham,2018-04-30 23:36:35,1525120595.0
andreasbookss,Andreaüìö,2017-06-17 06:55:12,1497671712.0
marce_ruiz233,Marce Ruiz,2011-01-25 19:07:01,1295975221.0
ValEspa26,Valerie Esparza,2018-05-01 02:53:21,1525132401.0
Mei_lany20,Meilany F Saragih,2011-08-01 05:11:28,1312164688.0
SHINTO_Phoenix,Trigger Pete,2012-08-11 05:35:07,1344652507.0
Migdali88504142,Migdalia,2017-12-01 04:05:41,1512090341.0
darkesio,Ghost22,2010-01-28 04:27:46,1264645666.0
ErsimAtilla,Atilla ersim,2018-05-01 02:55:44,1525132544.0
HamdusenaDemir5,HamdusenaDemir,2018-03-28 03:59:13,1522198753.0
karlasalher,Karla Salher,2017-09-15 22:15:38,1505502938.0
LvSexyWomen,Zack üîûüí∞Pay4UrPornüí∞,2017-11-05 10:28:43,1509866923.0
conner_dodson,Conner Dodson,2011-12-08 03:46:25,1323308785.0
Maddi3stephens_,Maddie Stephens :),2017-10-27 03:38:58,1509064738.0
Caralyn27,Caralyn Wichers,2009-05-28 01:32:28,1243463548.0
SraTaehyung14,Jenjenüñ§,2018-03-10 00:05:05,1520629505.0
orianarodris,Oriana Rodr√≠guez ‚ô•,2009-09-05 02:49:45,1252108185.0
c_macabidang,Charles,2017-04-07 11:37:48,1491554268.0
tay3512,Lil,2016-07-01 00:02:07,1467320527.0
MogannamZane,Zane Mogannam,2017-11-12 02:45:58,1510443958.0
yeah_yen,Karen,2018-04-30 15:52:00,1525092720.0
sourpageturner,Jo,2010-11-07 07:39:50,1289108390.0
NotUrAvgSk,NotYourAvgSidekick,2013-05-30 02:41:50,1369870910.0
_olimii,Love Yourself ‚ù§Ô∏è #TemWonder,2018-03-11 04:32:44,1520731964.0
MediosHexa,Medios Hexa,2018-04-20 00:55:24,1524174924.0
tylerrand9,Tyler Rand,2016-11-09 00:57:15,1478642235.0
Amosheim1,Alexandra Mosheim,2016-10-16 00:57:13,1476568633.0
alexandprz,Alex P√©rez,2018-05-01 02:30:47,1525131047.0
deprimida100pre,camgirlbae,2018-03-31 01:06:38,1522447598.0
tristezaum,dan,2018-01-10 15:50:23,1515588623.0
maryhb_,Mary Buckingham,2009-03-30 23:26:03,1238444763.0
9980_jose,jose martin,2013-05-30 22:03:06,1369940586.0
Rhondas79584655,Rhonda smith,2017-12-20 08:25:51,1513747551.0
Damariz87352129,~Damariz Vargas ~,2018-04-18 08:44:04,1524030244.0
WonderB72637373,wonder _b,2018-03-15 13:29:21,1521109761.0
AlexGon9642192,Alex Gonzalez,2016-09-18 17:28:04,1474208884.0
RileyJ2000,RileyJ,2013-04-08 21:00:52,1365444052.0
LasVueltasBanda,Las Vueltas Banda,2018-04-23 15:00:56,1524484856.0
MarkPittbull,mark-pittbull,2018-05-01 02:27:22,1525130842.0
diogenessgomes,Diogenes S. Gomes,2012-10-13 23:52:20,1350161540.0
Ericka_Hatfield,Ericka Hatfield,2009-03-17 00:17:46,1237241866.0
ParichayaH,‚¨õ‚¨õ‚¨õ‡∏≠‡∏¢‡πà‡∏≤‡∏ô‡∏Å‡∏Ñ‡∏≠‡∏ô‡∏ô‡∏∞‚¨õ‚¨õ‚¨õ,2014-10-04 13:41:19,1412419279.0
EDUARDO31118339,EDUARDO,2018-05-01 02:24:56,1525130696.0
OfficialShneaky,SHNEAKY the MC,2010-09-02 00:19:16,1283375956.0
ItsmeyySam,Illegirlüíñ,2018-04-30 09:11:02,1525068662.0
YansAbbey,Yans,2018-04-29 14:48:08,1525002488.0
jussarasantos70,Sarah Namjoon,2016-02-04 00:18:13,1454537893.0
EricCartaya,eric garcia-cartaya,2012-10-19 00:44:40,1350596680.0
Roodriigo,garcia ‚ö°,2009-05-16 20:32:08,1242495128.0
LucasDuran3,Duran,2011-08-13 20:43:08,1313257388.0
skullgasm,Cally,2014-12-02 20:17:58,1417544278.0
sinaibro,SinaiBro,2011-03-21 12:49:01,1300704541.0
_jnww,NOSSA EU TO MT BLOOM,2015-12-02 21:05:38,1449083138.0
BDS_hunter,Israel in my heart,2018-01-21 09:15:14,1516515314.0
theblacmonalisa,Melanin Monroe,2012-02-22 02:12:00,1329869520.0
acdcyl,Casta√±…ôdaüïä,2012-01-10 21:21:51,1326223311.0
YadiZun25,Yadira Zu√±iga,2018-05-01 02:08:14,1525129694.0
urxnot,urn‚ùåtjustin,2017-02-11 05:32:03,1486780323.0
DarioPaul7,Dar√≠o,2014-01-08 23:24:53,1389216293.0
franco_saldias,Franco Saldias Rain,2017-06-10 07:35:45,1497069345.0
sweetliketae95,Waffa,2015-02-12 06:37:08,1423715828.0
feelgoodjacket,Feel Good Jacket,2011-04-06 02:06:46,1302044806.0
theboiaero,theboiaero,2018-05-01 01:35:17,1525127717.0
ayukumatsu,„Åè„ÅæÊùæ‚òÖ‚òÖ‚òÖ‚òÖ,2017-11-17 12:27:34,1510910854.0
fuentespamela4,Mileeeeeessüíóüòç,2015-12-03 07:09:55,1449119395.0
TinyMorons,BrokenHearts,2017-11-21 00:08:32,1511212112.0
mamadoulemind,Mamadou Le Mind Diop,2013-07-16 01:08:33,1373926113.0
MinnalSunil,Minnal sunil,2018-05-01 02:09:28,1525129768.0
manuel4948,Emmanuel Quiambao,2016-10-10 14:39:02,1476099542.0
Pampered_Kitty,Deja-Moniqueüëëüòª,2009-09-26 22:18:13,1253992693.0
LoudPackSquadE,LoudPackEntertainment,2018-05-01 02:04:54,1525129494.0
EvilNebula_,Justin,2013-01-06 22:37:56,1357504676.0
yourlieinjimin,‚ÄèŸã,2017-10-09 14:50:31,1507549831.0
rainavincelli,Raina Vincelli,2013-08-18 03:07:25,1376784445.0
denen,Adam Denenberg,2007-11-10 02:33:25,1194654805.0
Mirriamenesio23,Mirriam enesio,2018-04-29 01:11:25,1524953485.0
childishcambin0,Cam P.,2015-08-21 03:01:52,1440115312.0
MochiVR,Ôº≠ochi,2017-12-08 06:38:07,1512704287.0
linkinparkphils,joven fernandez lim,2017-01-20 13:18:45,1484907525.0
Uriel95058299,Uriel,2018-05-01 00:32:36,1525123956.0
sharibels,Sharmain.Mary,2018-03-03 03:14:49,1520036089.0
Ellenmartiliano,Ellen,2017-10-04 12:37:12,1507109832.0
FastPacedSound,Worse Than Hitler,2014-10-25 16:24:47,1414243487.0
IBINUBU67,IBINUBU67,2018-03-11 20:55:13,1520790913.0
yeral12345,Y_LL_C,2014-04-16 20:29:49,1397669389.0
Miriamlopezort2,Miriam lopez ortiz,2018-05-01 01:53:59,1525128839.0
Gaby_delam,Gaby De La Mora,2016-02-15 03:34:14,1455500054.0
ktduo79,Kt,2009-08-30 05:16:45,1251598605.0
withlovegrace,gracie ‚úß*:ÔΩ•Ôæü,2014-02-08 18:31:48,1391877108.0
Jeffrey16580421,Jeffrey,2018-05-01 01:53:34,1525128814.0
LusaTorres5,Lu√≠sa Torres,2018-05-01 01:35:42,1525127742.0
mariangela2018,mariangela,2018-04-26 13:28:42,1524738522.0
josias31oc,Josias Israel,2011-02-07 23:35:10,1297114510.0
MellodiSousa,Eu mesmo M√°icon Mello.,2010-05-28 23:06:22,1275077182.0
courageouscarah,‚ù§Ô∏è,2010-04-11 03:03:17,1270944197.0
Kim95940160,Kim,2017-09-09 09:16:59,1504937819.0
babyannejae,Anne Jae01,2010-12-15 09:14:58,1292397298.0
silvergibson___,Alex fake,2018-05-01 01:17:29,1525126649.0
LlewHorgan,llewisthewarmestcolour,2012-08-16 02:45:42,1345074342.0
TheWillange,Ange W Beda,2017-08-12 20:01:32,1502557292.0
123_doubletooth,ryu,2013-09-04 05:49:25,1378262965.0
correa_jocenir,Jocenir correa,2018-05-01 01:43:12,1525128192.0
Carlosg47222549,Carlos gtz,2018-05-01 01:42:46,1525128166.0
peachy_chaa,„Öà„Öà„Öã,2014-04-29 10:31:12,1398756672.0
nash_offical,OfficialAjNash *,2018-02-26 20:57:48,1519667868.0
mariascardua,Maria Jos√© Scardua,2009-09-03 02:52:41,1251935561.0
sajo_bx_ny,Safet Cekovic,2014-02-01 23:37:48,1391290668.0
Vitormichel2,Michel Vitor,2017-11-30 00:48:17,1511992097.0
KingTorres0504,King Torres,2017-07-07 12:50:01,1499421001.0
BoutitRoukaya,roukaya boutit,2018-04-30 22:08:22,1525115302.0
lalasr,L.S.,2008-10-04 20:03:38,1223139818.0
bwibaby_95,path,2017-12-09 10:08:19,1512803299.0
jameson_tierney,Jameson Tierney,2018-05-01 00:35:04,1525124104.0
MnMahal,Mina Mahal,2014-11-16 04:35:48,1416105348.0
Swiper305,Swiper,2013-12-31 18:17:08,1388506628.0
heron222,G M,2009-07-05 23:27:01,1246825621.0
melymeltz,Melanyüá¶üá∑,2018-04-03 08:25:38,1522733138.0
Rosngel19614781,Ros√¢ngela,2018-05-01 01:32:00,1525127520.0
mcjacob123,Jacob,2017-05-29 14:16:48,1496056608.0
OhaiLor,Derrick (Lor),2015-12-19 08:54:15,1450508055.0
201102k,ke,2017-12-13 11:04:14,1513152254.0
andrewlkp,Andrew Lee,2009-04-20 02:43:15,1240184595.0
2210Danel,@Daniel_2210,2018-05-01 00:40:00,1525124400.0
LuizAndrePe3,Luiz Andr√© Pereira,2014-11-30 21:50:31,1417377031.0
CassarHayden,Hayden Cassar,2018-02-13 06:55:56,1518494156.0
LimeRang_,Rang,2018-04-20 13:40:46,1524220846.0
ansheleee,AnJellyAce,2018-04-25 19:38:48,1524674328.0
rzacih,Rzacih,2018-01-20 03:33:01,1516408381.0
MatthewDGlass,Matthew Glass,2016-01-29 02:40:22,1454028022.0
ahnikalh,Ahnika,2014-10-29 07:29:16,1414560556.0
IrieNaturally,Be Irie Naturally,2017-03-11 20:16:13,1489252573.0
chyanhascia4419,Kichyanha Lescia Pastrana,2018-05-01 01:10:59,1525126259.0
Connor_lwis14,Connor Lewis,2015-12-28 02:47:37,1451263657.0
OiGabieTh,GŒ±–≤Œπe üåû,2017-03-13 02:58:04,1489363084.0
Issa_doraCole,DannIsadoraüåªüçÉ,2017-02-25 21:48:15,1488048495.0
AuryHerrera5,Aury Herrera,2018-04-30 23:08:37,1525118917.0
21_21tk,TK ‚öú| ÿ™ÿ±ŸÉŸä,2012-11-18 19:11:04,1353258664.0
VolksBrp,Volks,2017-07-26 05:25:54,1501035954.0
pvalerene,kpoptudos,2015-12-10 18:12:09,1449763929.0
carlosacevedoe2,CARLOS ACEVEDO,2017-03-28 20:31:31,1490722291.0
Ismaelf36796677,Ismael fuentes,2018-05-01 01:18:03,1525126683.0
Monsu22,Monserrath Dolores Flores Morales,2017-12-24 04:43:54,1514079834.0
hadi13622370,KING_SippinTeaInYoHood23,2018-05-01 01:07:02,1525126022.0
LuisaFe12838992,Luisa Fernanda Charris Torres,2018-05-01 01:17:09,1525126629.0
clubrob,Rob Lindsey,2007-03-12 04:10:28,1173665428.0
EgyptJoker,Joker Egypt,2018-02-08 19:56:38,1518108998.0
lightemup21,Masseh,2015-10-01 02:06:55,1443654415.0
ph_ferreira12,Pedro Ferreira,2018-04-30 14:37:01,1525088221.0
CShilliday,Working-Class Heathen,2018-04-30 22:39:10,1525117150.0
cess619,Carrie Molesky,2009-05-09 02:23:17,1241824997.0
Paulinh67881085,Paulinho,2018-04-30 22:10:17,1525115417.0
ZayasAmysaddai,Amysaddai morales Zayas,2018-05-01 01:09:55,1525126195.0
cafefeenix,C.A.F.E.,2017-11-15 03:18:07,1510705087.0
theconnman95,Connor,2012-07-06 03:09:26,1341533366.0
HitPlayLove,HPL,2018-04-30 17:49:37,1525099777.0
Skullfacekilla,$kull Face,2014-01-15 18:19:11,1389802751.0
_alesiqueira,a boy with daddy issues,2014-09-06 16:51:52,1410011512.0
Silvanara03gma1,Silvanara03@gmail.com,2018-03-01 22:40:24,1519933224.0
andrade_254,Ro Andrade,2012-05-18 17:12:04,1337350324.0
sumayaiqbal1,sum sum,2013-06-13 19:40:05,1371141605.0
Pio06544341,Hunterofthedeadblocks,2017-01-22 07:15:49,1485058549.0
lejohnson202,L Johnson,2018-03-13 16:29:37,1520947777.0
ferreicas,Lucas,2018-05-01 00:48:27,1525124907.0
rizkitw_,Rizki Tri Wahyuningsih,2018-04-18 12:51:25,1524045085.0
kcogrospelier,KcoRiverosGrospelier,2009-12-29 18:47:41,1262105261.0
Gui_Salzano,Guilherme Salzano,2017-09-21 03:27:24,1505953644.0
bantm32,Charlie Green,2017-04-23 14:21:42,1492946502.0
cassidraper,Cassiüçí‚òÅÔ∏è,2016-04-09 21:15:53,1460225753.0
monicadlove,Monica Dominguez,2018-04-01 16:46:51,1522590411.0
Femstax,Femi,2018-04-23 04:45:30,1524447930.0
SlothLikeMe_zhy,M‚Ä¢A (Ms.Epiphany)  üëë‚ô™~,2015-12-28 04:42:01,1451270521.0
RKY1974,Ricky Ricardo,2009-08-31 05:24:57,1251685497.0
Aga83637482,Aga,2018-04-29 22:45:33,1525031133.0
Joselui01163414,Jose luis barragan pimiento,2018-05-01 00:51:52,1525125112.0
L_minniti19,Leo Minniti,2015-06-09 01:30:07,1433802607.0
Daveb0313,Dave Berendsen,2010-07-14 01:30:36,1279060236.0
Jasmine_is_awso,Yasminüêß,2015-11-06 21:49:02,1446835742.0
alicia_shyanne,Alicia Flores,2012-12-15 16:08:08,1355580488.0
janni_bravo,janni in a getaway üöó,2013-09-20 19:08:50,1379693330.0
itsMaxmuu,Meja Schmidt,2018-05-01 00:43:58,1525124638.0
hikari17260720,hikari,2017-05-20 04:02:58,1495242178.0
shouons0424,„Ç∑„Éß„Ç¶,2014-02-22 13:23:20,1393068200.0
noncardoso,Lucas Cardoso,2014-10-11 13:02:25,1413021745.0
DenisReynoldsjr,Denis Reynolds,2016-02-18 13:58:57,1455796737.0
king_austineee,Austine John Floresca Domingo,2018-04-29 03:44:39,1524962679.0
bunjaratboo,BRB,2009-09-22 04:31:23,1253583083.0
JvDvBTea,Jv Dv B,2018-04-19 13:24:30,1524133470.0
mo_rgan20,#BackToYou,2018-04-28 17:36:58,1524926218.0
RyanSantillan6,Ryan Santillan,2014-03-22 02:33:44,1395448424.0
mike45983626,mike,2017-10-13 04:24:01,1507857841.0
AdvientoMark,mark adviento,2018-04-30 05:38:19,1525055899.0
AndreaC46075756,Andrea Cristina,2018-01-14 19:29:21,1515947361.0
NguynKi89989769,Nguy·ªÖn Kim,2018-05-01 00:36:23,1525124183.0
VRemnes,Vony-go Remnes,2018-02-24 21:33:27,1519497207.0
carybrothers,Cary Brothers,2007-06-18 00:00:47,1182114047.0
JDudicourt,Jerome dudicourt,2012-06-19 03:18:13,1340065093.0
mandjebkeke,Janis^-^,2014-11-29 19:24:25,1417281865.0
Renecfigueredo3,Rene c.figueredo,2018-05-01 00:38:44,1525124324.0
___didio,Carvalho,2015-02-20 19:10:30,1424452230.0
giulianorod,Giuliano Rodao,2014-01-22 19:11:27,1390410687.0
c0wld_,cowld?,2016-07-02 22:23:07,1467487387.0
lindseyeplin19,Lindsey Eplin üíï,2013-03-23 00:15:07,1363990507.0
1982djb,Damian J Bridgeman,2009-03-03 23:43:22,1236116602.0
lanota_official,wilitooh la nota,2017-12-29 21:23:38,1514571818.0
Alexzamora304,alex,2015-12-30 18:37:05,1451493425.0
episodewonpod,Episode Won,2018-03-24 22:38:08,1521920288.0
KKuthan,kutiboi,2013-05-31 21:46:17,1370025977.0
Gianmar45822422,Gianmarco,2018-05-01 00:14:30,1525122870.0
HideshimaKelen,Kelen Hideshima,2018-04-30 22:37:18,1525117038.0
sfseocompany,San Francisco SEO Company,2017-09-07 17:31:27,1504794687.0
hayley__mariee,Hayley Martin,2015-11-12 01:09:41,1447283381.0
samiacostapl,Sami Acosta,2018-05-01 00:23:43,1525123423.0
NolbertoReyesS2,Nolberto Reyes Silva,2018-05-01 00:26:24,1525123584.0
iiBrxd,Brad,2017-01-14 18:41:14,1484408474.0
msbsball10,Michael Montoni,2016-09-19 00:53:24,1474235604.0
Baileyy_Smith,Bailey Smith,2011-06-12 17:17:58,1307888278.0
therealtashan,Tashan,2017-03-03 01:18:35,1488493115.0
PeterP_arker,#AvengersInfiniteWarüé• üòç,2011-04-24 21:02:21,1303668141.0
Thirty33Three33,TheThirtyThree33,2018-04-23 19:45:08,1524501908.0
princessadianad,diana,2011-12-31 03:03:48,1325293428.0
tmlepine,terry,2012-09-07 12:28:06,1347010086.0
Thunder314,Regier,2009-02-28 21:07:49,1235848069.0
Kawan_Cabello97,Kawan Antony,2018-03-05 02:46:43,1520207203.0
masacssyy,Masacssyyüí§,2018-05-01 00:09:33,1525122573.0
Giovann67746955,Giovanna,2018-04-23 22:35:18,1524512118.0
DanielleStimps1,Danielle Stimpson,2017-08-30 14:14:13,1504091653.0
J70136628,J√¥,2018-04-30 23:57:00,1525121820.0
Erikafelices13,Erika felices arce,2018-04-28 14:07:38,1524913658.0
Melanie36300100,Melanie Correa,2018-04-13 02:30:35,1523575835.0
SebaRiquelme20,Seba‚èØÔ∏è,2017-08-08 01:22:49,1502144569.0
TamiKuhn,Tamara Kuhn,2009-05-07 18:33:09,1241710389.0
Laurada58529735,Laura daniela,2018-05-01 00:05:06,1525122306.0
BelovedxFreak,B√°rbara ‚ú∂,2017-08-31 15:11:43,1504181503.0
LuciaLe35245562,sun_flxxwer,2018-01-01 17:51:03,1514818263.0
vanessa42760500,AlexYours  üá®üá¥,2013-12-14 15:52:24,1387029144.0
monkeyga5,TrappboiSamson,2013-09-29 20:32:06,1380475926.0
hogwartsly,angela‚òá,2016-06-10 00:04:37,1465506277.0
virenp69,Viren Patel,2013-06-22 02:23:50,1371857030.0
jbobthe1st,Jacob,2016-12-06 22:18:36,1481051916.0
UzumakiXHaruno,Naruto Uzumaki X Sakura Haruno,2018-04-24 20:33:43,1524591223.0
RamnWashington2,Ram√≥n Washington Valencia C√°rdenas,2018-04-30 23:56:41,1525121801.0
Anita49186270,Anita,2018-04-30 23:55:23,1525121723.0
KevinPhirii,Kevin Phiri,2011-03-30 12:06:51,1301476011.0
YouthJoune,Youth Joune,2018-04-30 23:52:39,1525121559.0
alisiaorozco10,alisia orozco,2018-04-30 22:01:51,1525114911.0
micheleacosta91,Michele,2009-08-17 04:15:04,1250471704.0
crackjackx,Dhrubo Rahman,2010-04-21 10:27:25,1271834845.0
skumar225,Shilpa K.,2009-04-23 06:04:02,1240455842.0
Michell076767,Michelle Renteria Rivera,2016-11-12 22:35:05,1478979305.0
Jennife86405344,Jennifer Wade,2015-03-28 21:01:49,1427569309.0
Maymay67536242,Maymay,2018-04-20 07:29:16,1524198556.0
luzzpinero,luzzpinero,2018-04-30 13:48:24,1525085304.0
IvanMar14464610,Ivan Marin,2018-04-30 23:22:02,1525119722.0
CountryBScrilla,BADD BADD LEROY BROWN BEATZ,2014-08-07 18:31:20,1407425480.0
Malyori6,Malyori,2018-04-30 23:42:12,1525120932.0
thaylitaleal,Thalita Leal,2017-09-20 16:24:27,1505913867.0
EmilioMarisca17,Emilio Mariscal,2018-04-30 23:46:47,1525121207.0
oliviakiwiftie,Taymila_KiwiSwifty,2018-01-17 16:16:56,1516195016.0
RecruiterJennyD,Jenny DeVore,2015-02-04 19:47:50,1423072070.0
drdolla1,DR.DOLLA,2014-08-23 16:16:39,1408799799.0
Brian01209575,Brian,2018-03-20 03:19:25,1521505165.0
Tchury12,Aurio Da Cruz,2013-01-09 11:07:02,1357722422.0
teneciathomas,Tenecia Thomas ‚ô•,2009-03-23 12:12:04,1237803124.0
BlueKnight1928,BlueKnight,2013-12-10 02:45:46,1386636346.0
MarcoDeSantiag7,Marco De Santiago,2018-04-30 23:38:08,1525120688.0
EvanWells19,Evan Wells,2015-10-31 21:53:53,1446317633.0
Joei_Kalbarczyk,Joei Kalbarczyk,2014-10-21 17:24:11,1413901451.0
quesoulmuziksa,Quesoul Muzik,2018-04-14 22:02:11,1523732531.0
BtsAtr7, ô·¥õs_·¥Ä·¥õ Äüçïüç´,2018-04-30 23:27:18,1525120038.0
marialyledezma,‚ô°marialy‚ô°,2016-09-19 16:37:02,1474292222.0
LuizKarlinski,Luiz Gon√ßalves Karlinski,2018-04-30 23:24:28,1525119868.0
Kookie12955899,Kookie,2018-04-30 23:29:40,1525120180.0
KrigovskyLuke,luke krigovsky,2018-02-18 06:09:09,1518923349.0
jorgeleonard15,Jorge Leonard,2013-07-07 03:03:23,1373155403.0
spvcepvnk,ryan,2018-04-29 22:35:07,1525030507.0
michelledeea,michelle elkins,2011-03-06 16:25:29,1299421529.0
putrihardi28,Putrihdi,2018-04-20 15:25:32,1524227132.0
i__mike,mike,2016-02-05 03:32:48,1454635968.0
MehikaD17,Mehika Dorval,2016-09-03 22:58:05,1472932685.0
TylerCriswell02,Tyler,2016-11-07 04:30:54,1478482254.0
_kenzelizabeth_,McKenzie Zuback,2018-04-30 23:12:02,1525119122.0
Phischer,MrPrettyHands,2009-05-18 02:06:41,1242601601.0
draculasbridex,Merve ƒ∞mral,2015-11-08 19:48:47,1447004927.0
chooseyourluck,LuckyStar,2018-02-04 13:33:29,1517740409.0
loucucci,Louisa,2015-02-09 20:02:29,1423504949.0
IdCody,IdCody,2012-02-25 23:22:31,1330204951.0
andreaidrovorub,Andrea Idrovo Rubio,2010-07-20 23:45:58,1279658758.0
minto_GOT7,MinnieHappygirl‚òòÔ∏èüçÄ,2016-04-18 07:30:51,1460953851.0
amarsh1295,Austin Marsh,2017-08-21 23:57:59,1503349079.0
allanazinha_,@allanazinha*,2018-04-25 23:30:59,1524688259.0
Camila56742414,Camila,2018-04-30 23:20:07,1525119607.0
VladimirUlyano4,Vladimir Ulyanov,2018-04-19 01:57:13,1524092233.0
onlinemansi,mansi‚ú®,2012-07-20 21:50:30,1342810230.0
Larissa54893498,Larissa,2017-11-22 21:44:44,1511376284.0
nathali00743877,nathalia,2018-04-30 23:09:03,1525118943.0
sudamericano12,Sudamericano Papo,2017-08-19 21:54:40,1503168880.0
Mizzneira,Queen B,2010-07-20 10:00:42,1279609242.0
FreaCatiang1,Frea Catiang,2018-04-20 23:17:15,1524255435.0
JohnnyEAwesome,Johnny E. Awesome,2018-01-28 06:45:53,1517111153.0
BunnyPlayzz,heidi b,2017-03-12 04:20:39,1489281639.0
Music01639019,Music,2018-04-30 16:26:56,1525094816.0
kpoplover1145,mk,2018-04-30 23:09:02,1525118942.0
rezendeitalo,√çtalo,2011-08-22 21:03:59,1314036239.0
flavia72862363,flavia,2018-04-25 00:26:50,1524605210.0
fatima_dah_,F√°tima,2017-03-18 17:09:16,1489846156.0
Lopey10,Nick Lopanec,2009-08-10 20:59:00,1249927140.0
1nfamous_misfit,Eugine Adu Sasu,2014-08-13 18:02:22,1407942142.0
JChinWagner,JChin@Wagner,2015-02-18 17:28:36,1424273316.0
ivannvelasquez,ivanrey velasquez,2018-04-30 12:02:39,1525078959.0
JohnnyChin,Johnny Chin,2009-02-11 16:56:55,1234364215.0
KOH_Barako,97811,2017-08-01 14:56:04,1501588564.0
SimonGi34446262,Simon Gill,2018-01-13 23:38:46,1515875926.0
realD4C,President Funny Valentine,2018-04-30 21:43:44,1525113824.0
annyvictoria121,......,2017-01-04 21:32:31,1483554751.0
Double_Dzzzz,YüÖ∞Ô∏èE YüÖ∞Ô∏èE,2015-10-01 13:45:04,1443696304.0
Shallow_Minds,Shallow Minds,2018-03-30 20:11:47,1522429907.0
gaooficial_,gao oficial,2018-04-30 22:56:23,1525118183.0
FREEDOM62754866,‚≠êFREEDOM‚≠ê,2018-01-06 12:03:09,1515229389.0
IRussiel,Ivis Russiel,2018-02-20 01:51:28,1519080688.0
Ismail_RMA1,Ismail Trache,2015-03-22 14:27:53,1427027273.0
iammorgancee,plss rt pinnedd :D,2018-01-26 17:22:38,1516976558.0
KoCrucible,KO CRUCIBLE,2018-04-20 15:57:06,1524229026.0
PRETTYMUCH_____,Ê≥¢È†º,2015-10-12 01:16:06,1444601766.0
mikeselacome,solci√±oüåû,2015-10-26 20:17:45,1445879865.0
chafe_jackson,Jackson Chafe,2013-08-27 21:28:57,1377628137.0
Tshepo38160707,Tshepo daBlaqBullcapo,2018-04-08 19:23:44,1523204624.0
notobious,notobious,2018-04-30 22:43:56,1525117436.0
anthony_tavara,Anthony Diaz Tavara,2016-12-13 05:59:00,1481597940.0
TeeRapCeeClap,DaraOfTheSkyPeople,2011-10-25 13:39:14,1319539154.0
ledyardbrown,ledyardbrown,2017-07-15 11:49:00,1500108540.0
lcheern1,Lisa Cher,2018-04-27 17:43:34,1524840214.0
SandlerzSonic,Sebastian Mesa Marulanda,2018-04-30 22:40:22,1525117222.0
alexand86055392,alexandra,2018-04-30 21:54:33,1525114473.0
EzequielCOH17,Ezequiel C√≥rdoba,2013-04-05 16:21:59,1365168119.0
harpseylady,Rebekah Raff,2015-06-28 16:20:45,1435497645.0
EmmaFer50229359,Emma Fernandez,2018-04-29 15:50:35,1525006235.0
DalidaMaribel,Maribel Dalida Santi,2014-10-10 02:59:20,1412899160.0
Guiller84563856,Guillermo  Guevara,2018-04-30 22:37:08,1525117028.0
Olekek,Ole Kenneth Olsen,2009-12-21 01:43:36,1261352616.0
hkmrslni,Dushbek,2018-04-21 18:24:35,1524324275.0
joergvogt,J√∂rg Vogt,2009-01-14 09:38:44,1231918724.0
HaylieWillliams,Haylie.Williams,2014-09-05 19:52:48,1409935968.0
JotaCunha1,Junior Cunha,2016-03-24 01:28:12,1458775692.0
justinedwards97,Justin Edwards,2013-04-04 23:49:14,1365108554.0
MaxSherrill,Max Sherrill,2018-02-01 02:29:29,1517441369.0
Pandico08390741,Pandicornio,2018-04-30 18:34:08,1525102448.0
ConnieA82239165,Connie Adams,2018-04-08 05:23:36,1523154216.0
MariePortman4,Marie Portman,2016-10-02 02:48:16,1475365696.0
semofest,SEMO Fest,2018-04-23 23:24:38,1524515078.0
lucftocream,LucFTOüíÄC…æeŒ±–º,2018-04-30 21:23:21,1525112601.0
Eleazar30188985,Eleazar üíØüî•,2018-02-26 17:30:41,1519655441.0
pcfmoniz,Paulo Moniz,2018-04-30 21:45:51,1525113951.0
vkookshimkoong,L∆∞u Di·ªáp H·∫° VyüòòB√© Shin Chimteüíñ,2018-04-30 09:41:30,1525070490.0
estevensmusic,Emma Stevens,2009-05-19 08:51:13,1242712273.0
MarkMikulec15,Mark Mikulec,2018-04-30 22:20:18,1525116018.0
EmilioH87241838,Emilio Hern√°ndez Herrera,2018-04-30 22:25:30,1525116330.0
leonardowens18,Leonard Owens,2010-07-16 06:36:27,1279251387.0
MosqueraFredis,Jhon fredis mosquera,2018-04-30 22:26:27,1525116387.0
Brandon_Crouch,Brandon Crouch,2009-06-23 04:22:00,1245720120.0
rudymadethis,Rudy Antido,2009-02-13 21:52:15,1234554735.0
matildaberry12,Matilda Berry,2013-06-13 19:56:11,1371142571.0
annahookerr,annahookerr,2018-04-30 22:20:40,1525116040.0
Steven_in_KS,Steven Pfeifer,2018-04-13 03:42:13,1523580133.0
OScsla,Oscar_Di_Scsla,2018-04-30 22:18:51,1525115931.0
revealedwolf,Adolfo,2018-04-22 04:15:05,1524359705.0
mestrada981,marco estrada,2016-01-31 18:09:26,1454256566.0
prairiechick7,HJ,2013-07-18 08:07:43,1374124063.0
walkalcne,anna | bianca day!,2015-06-13 22:06:34,1434222394.0
oviel_jimenez,oviel jimenez,2018-04-30 22:19:10,1525115950.0
ana83723397,ana,2018-03-14 19:44:44,1521045884.0
JessJlbs,J3ssy,2012-03-05 21:58:18,1330977498.0
_philipmatthews,Phil Matthews,2015-12-24 22:12:50,1450987970.0
Jamesoneric1,Eric jameson singer and song writer .,2018-04-30 20:21:46,1525108906.0
anezxy,Anes,2017-07-24 21:38:12,1500921492.0
YoungRippa,YOUNG RIPPA,2018-04-25 01:35:41,1524609341.0
brownnpapi,x,2016-03-23 21:14:46,1458760486.0
OsamaChel,Osama Chel,2018-04-30 22:00:35,1525114835.0
Wavey_Ayy,Ayy,2018-03-14 02:00:39,1520982039.0
EltondaSilvaXav,Elton Xavier,2016-05-05 15:57:17,1462453037.0
Andrew_York,Andrew York,2011-01-13 13:58:17,1294919897.0
DanielFinhas,Daniel finhas,2017-04-04 16:48:50,1491313730.0
ffuckinghell,zƒ±…π á…ê«ùq …ê…π…ê…Ø√¢…• á üíß,2018-04-07 00:37:06,1523050626.0
twenty_one_drug,Panic!,2017-04-26 23:19:18,1493237958.0
TheGreenTeaKing,lil uzi dirt,2012-01-31 02:44:07,1327970647.0
jackson_sabdra,Sabdra Jackson,2017-07-19 01:59:21,1500418761.0
eeossun,Â¶ÑÊÉ≥„Éì„ÉÉ„ÇØ„Éê„É≥,2017-08-23 02:30:29,1503444629.0
iviramor,Daniil_S,2017-02-17 11:21:01,1487319661.0
mnjnn3,mnjnn,2018-04-30 22:07:29,1525115249.0
kubrickseye,-ŸÖŸÑŸäÿ¥-,2018-04-30 21:32:30,1525113150.0
Bethany_Writes,Bethany,2016-11-21 21:19:46,1479752386.0
grilleddallas,bre-ad,2014-08-27 13:27:39,1409135259.0
alnici,Silvia,2010-01-20 17:36:03,1264001763.0
Jaime_10Fj,JAIME,2012-07-26 22:54:39,1343332479.0
Pizza1321,Pizza132,2018-04-15 23:58:30,1523825910.0
itsEddieVegas,LAST OF THE REAL,2015-04-17 19:23:29,1429287809.0
shubwubz,shelby,2014-04-19 18:58:24,1397923104.0
itsnadaf,Nada,2018-02-21 21:27:49,1519237669.0
IsidoraGlvez2,Isidora G√°lvez,2018-04-30 15:10:15,1525090215.0
Francis88974979,Francisco  Maia,2018-04-30 21:53:53,1525114433.0
yocileny,Yocileny,2018-01-15 05:06:26,1515981986.0
w1fjnr_,F√©lix J√∫nior,2018-04-30 21:14:00,1525112040.0
1MOLTAKA1,M√òLT√ÉK√Ö,2017-05-18 10:44:28,1495093468.0
MoonacreMedia,majicmike,2017-02-10 19:47:02,1486745222.0
Hav_Er_Spoo,Hav_Er_Spoo,2018-01-06 12:58:43,1515232723.0
CalderazzoNoemi,Noemi Calderazzo,2017-12-29 12:11:48,1514538708.0
shakeem_obadele,Shakeem Joe,2018-04-25 23:24:21,1524687861.0
Osiriselcubano,Osiris Galindo,2010-10-31 13:21:06,1288524066.0
Anto_Buttussi,Antoh :v,2016-05-29 19:15:59,1464538559.0
tyger731,Dj D Block,2009-08-12 02:36:59,1250033819.0
BMusicaok,BMusicaok,2018-04-30 21:38:40,1525113520.0
IruamCandido,Ich hei√üe Iruam.,2011-01-26 18:00:24,1296057624.0
sangxbrien,gabs loves loki,2017-04-28 15:17:01,1493381821.0
ceIikkaya10,Kubilay √áelikkaya,2013-04-10 13:19:59,1365589199.0
Luisdia87854498,Luis diaz,2018-04-30 21:45:55,1525113955.0
Simone80266274,Simone,2018-04-30 21:42:07,1525113727.0
LordPotRoast,J,2014-07-24 03:59:55,1406163595.0
Seleyboth,SeeleyBrooTh,2016-02-17 12:24:53,1455704693.0
Sazile16,S X Z I L E üí§,2018-01-20 20:04:43,1516467883.0
GABRXCX,Gabriela D√≠az,2016-08-16 16:29:27,1471354167.0
quinterocarlos8,Carlos Quintero ¬Æ,2010-12-16 04:10:12,1292465412.0
RoussRamirez10,Rouss Ramirez,2018-04-30 21:46:19,1525113979.0
snxwybxy_,snow‚ùÑÔ∏è,2018-04-30 21:19:43,1525112383.0
taetaetata3012,ÍπÄÌÉúÌòï‚ô°ÏÇ¨ÎûëÌï¥,2018-01-28 07:15:29,1517112929.0
xoxogermaraj,N√£o √© a Giovanna do forninho,2016-04-15 22:11:34,1460747494.0
bazquezero,Benjamin Vazquez,2018-04-20 02:50:17,1524181817.0
aotumusic,ÂáπÂá∏,2016-03-29 05:01:42,1459216902.0
PAWAN04101990,PAWAN,2018-03-17 05:23:37,1521253417.0
EvelynG63785631,Queen_EG,2018-04-28 18:47:18,1524930438.0
CiaraAoife_,Ciara Aoife,2009-09-16 19:33:59,1253118839.0
ali_demrl,Ali DEMƒ∞REL,2018-04-30 21:37:47,1525113467.0
Douglas40784469,Douglas Carvalho,2018-04-28 20:23:15,1524936195.0
bertovski,Alberto Costa,2015-09-21 20:27:48,1442856468.0
gdkop,Gordon Dick,2012-03-01 09:14:42,1330586082.0
BillHoffman115,Bill Hoffman,2012-04-13 01:09:01,1334268541.0
knickle88,Chris D.K LeBlanc,2012-07-23 18:15:08,1343056508.0
seandolliff,sean dolliff,2017-09-10 01:34:34,1504996474.0
theashramullaji,Ashra Mullaji,2017-11-20 20:10:23,1511197823.0
JohnKrazyLehipi,In The Morning by Kenny Tee is out on Olovamp3,2014-12-14 12:21:18,1418552478.0
PizzaLikeAMan,‡πÑ‡∏°‡πà‡πÑ‡∏î‡πâ‡∏™‡πà‡∏á‡∏û‡∏¥‡∏ã‡∏ã‡πà‡∏≤‡∏Ñ‡∏±‡∏ö,2017-07-24 14:37:08,1500896228.0
LesRyan8,Les Ryan,2018-04-27 14:22:14,1524828134.0
sangriaforshawn,paula ü•Ä,2012-06-30 00:11:10,1341004270.0
TiagoRo_97,Fael,2017-01-10 05:00:17,1484013617.0
SaymazC,Cihan Saymaz,2014-07-06 20:34:38,1404668078.0
mr_kaneki8,‚Ä†Gabriel Gerrero‚Ä†,2018-03-16 17:40:57,1521211257.0
sirapworld,sirapworld,2014-02-02 17:34:52,1391355292.0
juliepierirwin,julieirwinhemmings,2014-01-10 00:51:16,1389307876.0
Gabriel01575181,Luan Gabriel,2018-04-30 15:59:58,1525093198.0
qvo518233,quynhnhuvy],2017-12-14 01:59:27,1513205967.0
bahbybanks,Dr. Bahby Banks,2012-08-13 03:16:42,1344817002.0
shellybigbelly,Shelly,2018-03-31 00:43:01,1522446181.0
Khaledalibadr,Khaled Ibrahim,2013-01-22 02:47:52,1358815672.0
Doralis00621341,Doralis,2018-01-07 08:22:02,1515302522.0
akatym_99,üåπÍ∞ÄÎã§Î¶¨ÎÇòüåπ,2012-08-30 01:16:01,1346278561.0
KaVega_14,karen vega,2013-09-17 22:44:53,1379447093.0
jesusma38814710,jesusmauricio,2018-01-11 23:36:17,1515702977.0
MariaJo41416183,Maria Jos√© Morales Gonzalez,2017-11-20 23:57:20,1511211440.0
Dayane45591144,Dayane,2018-04-11 18:06:38,1523459198.0
elisa_gerallini,#mikechazlp forever,2018-01-14 20:19:12,1515950352.0
ailinaann2018,Ailina Ann Bennett,2018-04-30 21:12:15,1525111935.0
Hanin07810994,Hanin,2018-04-30 21:23:21,1525112601.0
justsidor,Ilya Sidorov,2013-03-20 16:53:16,1363791196.0
Ericdeflames,Eric da Flames,2018-04-17 20:27:50,1523986070.0
x_uykucuuu_x,x_uykucu_x,2018-04-30 21:16:39,1525112199.0
manuelg25855222,manuel gomez,2018-04-30 21:18:48,1525112328.0
SachtyEphraim,SAGANA,2018-01-05 08:17:04,1515129424.0
morphidox,Nasim Naimi,2017-10-13 22:45:37,1507923937.0
megawatibambela,megawati_bambela,2012-04-08 05:48:57,1333853337.0
Matty_Cerqueira,Madison Cerqueira,2018-04-09 06:43:06,1523245386.0
osbaldo76669545,osbaldo hernandez tentzohua,2018-04-30 21:20:17,1525112417.0
ChayInfinitas,InfinitasEspa√±a,2017-08-28 19:31:01,1503937861.0
TheGameBoi2,Raul Bujoreanu,2018-04-06 21:21:20,1523038880.0
GrifMeghann,Meghann E. Griffin,2017-05-10 14:52:28,1494417148.0
ElvisNqubuka,Mvara Elvis Nqubuka,2018-01-29 13:51:27,1517223087.0
Julie_Tode_13,Iulia Toderici,2016-10-08 22:22:17,1475954537.0
TommoBoobear91,Marie. üá®üá∑ | LT1 IS COMING.üåå,2016-08-15 01:33:46,1471214026.0
lorena9803_,LORENA,2014-05-14 20:35:55,1400088955.0
ashleewitt,Ashlee W. Roberts,2009-09-23 18:37:22,1253720242.0
