ID,timestamp,anger,joy,sadness,fear,surprise,time_of_day
991342164507426817,1525178564.0,0.24932339787483201,0.097702637314796,0.5265845656394951,0.10060031712055201,0.025789141654968,Afternoon
990875916573200384,1525067402.0,0.089620396494865,0.070613548159599,0.43035918474197304,0.347058176994323,0.062348689883947005,Morning
990245962051346432,1524917209.0,0.044150132685899006,0.49063289165496804,0.318133294582366,0.075395345687866,0.07168832421302701,Afternoon
990240479588507649,1524915902.0,0.14847907423973,0.33372646570205605,0.340073347091674,0.080325238406658,0.09739583730697601,Afternoon
990164318980194304,1524897744.0,0.174984127283096,0.24661590158939303,0.26261666417121804,0.07261154055595301,0.24317181110382002,Morning
990163811020636160,1524897623.0,0.157046854496002,0.283201456069946,0.314159870147705,0.235646918416023,0.009944925084710001,Morning
990158616849104897,1524896385.0,0.273380756378173,0.023361712694168,0.34928384423255904,0.349996358156204,0.003977270796895,Morning
989931843276361728,1524842318.0,0.14449356496334,0.176742359995841,0.471793055534362,0.140025585889816,0.066945448517799,Afternoon
989918620393209856,1524839165.0,0.31150454282760603,0.052243132144212,0.20503737032413402,0.41606190800666804,0.015153136104345,Afternoon
989913493179518976,1524837943.0,0.21888893842697102,0.19349905848503102,0.42804813385009705,0.133041828870773,0.02652208507061,Afternoon
989904195242225664,1524835726.0,0.126760259270668,0.22328048944473203,0.425273180007934,0.19616749882698,0.028518568724393,Afternoon
989572903761924097,1524756740.0,0.32566028833389205,0.15712195634841902,0.318994253873825,0.103659510612487,0.09456397593021301,Afternoon
989553453776101376,1524752103.0,0.052345387637615,0.32426929473876903,0.184159696102142,0.307462692260742,0.131762892007827,Afternoon
989553186242347009,1524752039.0,0.128904044628143,0.271164894104003,0.38695591688156106,0.06084285676479301,0.15213230252265902,Afternoon
989087425652719619,1524640993.0,0.144456103444099,0.17064967751502902,0.407642275094985,0.260477304458618,0.016774665564298002,Morning
985910007320363008,1523883437.0,0.17724500596523202,0.246588826179504,0.311629891395568,0.166235417127609,0.098300829529762,Afternoon
980963906788081665,1522704195.0,0.557539820671081,0.034842558205127,0.253370761871337,0.140136688947677,0.014110209420323,Night
971734708609458177,1520503783.0,0.233548074960708,0.184565857052803,0.25463896989822304,0.07784458994865401,0.249402523040771,Afternoon
952715741123330050,1515969307.0,0.050584770739078,0.137148439884185,0.253775686025619,0.5498050451278681,0.008686069399118,Night
991494162481590273,1525214804.0,0.077704600989818,0.17283521592617002,0.44000148773193304,0.08899845182895601,0.22046029567718503,Night
991491990029324288,1525214286.0,0.10529398918151801,0.43883770704269404,0.31236997246742204,0.125287562608718,0.018210746347904,Night
991491959540932608,1525214278.0,0.139405727386474,0.051168713718652004,0.45715248584747303,0.34217470884323103,0.010098292492330001,Night
991490407421923328,1525213908.0,0.12400809675455,0.073888882994651,0.508985638618469,0.27607232332229603,0.017045065760612002,Night
991489707216384000,1525213741.0,0.052615731954574,0.21788188815116802,0.21821209788322402,0.183674171566963,0.32761609554290705,Night
991486098336608257,1525212881.0,0.140492886304855,0.05312138050794601,0.478253126144409,0.317870676517486,0.010261955671012,Night
991469115419299840,1525208832.0,0.13725574314594202,0.055627718567848004,0.57045704126358,0.21761539578437802,0.019044045358896002,Night
991468061847969792,1525208581.0,0.016994358971714002,0.839487671852111,0.040645301342010005,0.10031859576702101,0.0025540844071650004,Night
991466821005004800,1525208285.0,0.12818038463592502,0.092152297496795,0.552384614944458,0.20696082711219702,0.020321812480688,Evening
991465122387374081,1525207880.0,0.050793431699275006,0.636882305145263,0.163645505905151,0.11153659224510101,0.037142157554626,Evening
991463704045768704,1525207542.0,0.07334916293621001,0.275085240602493,0.29615145921707103,0.14282795786857602,0.21258613467216403,Evening
991463586290683904,1525207514.0,0.035659238696098,0.5294479727745051,0.155142992734909,0.171769320964813,0.107980467379093,Evening
991463457412341760,1525207483.0,0.10503357648849401,0.06452889740467001,0.651779532432556,0.15585550665855402,0.022802457213401003,Evening
991462925041897472,1525207356.0,0.111625894904136,0.10659864544868401,0.42248284816741905,0.35023540258407504,0.009057274088263,Evening
991459465722556416,1525206531.0,0.068441160023212,0.600974559783935,0.277321517467498,0.023352487012743003,0.029910258948802,Evening
991458969825808384,1525206413.0,0.103771448135375,0.09100760519504501,0.5275474786758421,0.263650476932525,0.014022978022694001,Evening
991457723014402048,1525206116.0,0.12499286234378801,0.053438510745763,0.48901253938674905,0.31949725747108404,0.013058837503194,Evening
991457406482812935,1525206040.0,0.185368314385414,0.053420100361108,0.520108580589294,0.21470187604427302,0.026401113718748002,Evening
991457130350772224,1525205974.0,0.10163545608520501,0.04970811307430201,0.516368448734283,0.27466434240341103,0.057623639702796006,Evening
991456318874705920,1525205781.0,0.031759113073349,0.615247368812561,0.07453367114067,0.07172087579965501,0.206738978624343,Evening
991456099319668737,1525205729.0,0.054094448685646,0.040382623672485005,0.322019785642623,0.574070930480957,0.009432215243577001,Evening
991454893058686977,1525205441.0,0.202275842428207,0.26155212521553,0.394385427236557,0.119410656392574,0.02237594127655,Evening
991454469509599233,1525205340.0,0.094715371727943,0.06634811311960201,0.5570654869079591,0.23375079035758903,0.048120271414518,Evening
991454296540700677,1525205299.0,0.041558515280485,0.196408867835998,0.282109558582305,0.037081390619277003,0.44284164905548,Evening
991453805320572928,1525205182.0,0.12353514134883802,0.067492581903934,0.47973948717117304,0.31724590063095004,0.011986900120973,Evening
991452391701696512,1525204845.0,0.123713657259941,0.063843168318271,0.46864777803421004,0.330496847629547,0.013298558071255,Evening
991451711620419585,1525204682.0,0.05392283201217601,0.42997902631759605,0.234842181205749,0.209697991609573,0.07155799865722601,Evening
991451232932913152,1525204568.0,0.10166807472705801,0.098357088863849,0.475548267364501,0.306460082530975,0.017966469749808003,Evening
991421013136158721,1525197363.0,0.102671131491661,0.24720478057861303,0.24956592917442302,0.163428485393524,0.237129688262939,Evening
991420983901851649,1525197356.0,0.09114778041839601,0.319761514663696,0.22263769805431302,0.16077014803886402,0.20568290352821303,Evening
991420973386616832,1525197354.0,0.102671131491661,0.24720478057861303,0.24956592917442302,0.163428485393524,0.237129688262939,Evening
991420560302313473,1525197255.0,0.128985971212387,0.057864844799041006,0.48374998569488503,0.317581057548522,0.011818153783679002,Evening
991420217447370752,1525197174.0,0.11763691902160602,0.06223240494728,0.558196544647216,0.23896926641464203,0.022964842617511003,Evening
991420092033458177,1525197144.0,0.11763691902160602,0.06223240494728,0.558196544647216,0.23896926641464203,0.022964842617511003,Evening
991419952954576897,1525197111.0,0.11763691902160602,0.06223240494728,0.558196544647216,0.23896926641464203,0.022964842617511003,Evening
991419837946781698,1525197083.0,0.11763691902160602,0.06223240494728,0.558196544647216,0.23896926641464203,0.022964842617511003,Evening
991419754266218497,1525197063.0,0.11763691902160602,0.06223240494728,0.558196544647216,0.23896926641464203,0.022964842617511003,Evening
991419243261583360,1525196941.0,0.09776908159255901,0.22680243849754303,0.340458989143371,0.155175417661666,0.179794058203697,Evening
991418263367311362,1525196708.0,0.12505908310413302,0.47161626815795904,0.24867138266563402,0.09415934979915601,0.060493886470794005,Evening
991418144915935233,1525196680.0,0.041223660111427,0.6381369233131401,0.142095983028411,0.099948465824127,0.07859500497579501,Evening
991417929299382272,1525196628.0,0.055044151842594,0.40007853507995605,0.18968281149864102,0.256813406944274,0.09838107973337101,Evening
991407562674327553,1525194157.0,0.018356220796704,0.17159920930862402,0.16719377040863,0.023081865161657,0.6197689771652221,Evening
991406606188507138,1525193929.0,0.186802089214324,0.16709679365158,0.45499646663665705,0.051885575056076,0.139219090342521,Evening
991402932145938432,1525193053.0,0.18226218223571702,0.026393132284283003,0.47661921381950306,0.31131312251091003,0.0034124236553900004,Evening
991401776980152320,1525192777.0,0.14962440729141202,0.471890270709991,0.20751625299453702,0.064031332731246,0.106937654316425,Evening
991401738837135360,1525192768.0,0.043677359819412,0.297152161598205,0.200808197259902,0.085315689444541,0.373046576976776,Evening
991401655961817088,1525192748.0,0.09490530192852001,0.21426269412040702,0.43557626008987405,0.200244441628456,0.055011279881000005,Evening
991398125721047041,1525191907.0,0.052076414227485004,0.42178851366043,0.20667216181755002,0.103198863565921,0.216264098882675,Evening
991362784809177088,1525183481.0,0.04371515661478,0.20020161569118503,0.16938325762748702,0.080816105008125,0.505883872509002,Afternoon
991200772854632448,1525144854.0,0.19750633835792503,0.23468990623950903,0.349165260791778,0.089462906122207,0.12917558848857802,Morning
991186716378705920,1525141503.0,0.14299310743808702,0.082392945885658,0.374038457870483,0.393646001815795,0.006929446011781,Night
991183473275793408,1525140729.0,0.06687000393867401,0.38381978869438105,0.30117154121398904,0.133613318204879,0.114525392651557,Night
991169864600621056,1525137485.0,0.110551863908767,0.18040072917938202,0.496481597423553,0.128424301743507,0.084141463041305,Night
991167704760545280,1525136970.0,0.09909802675247101,0.22425088286399802,0.20242303609848,0.148401379585266,0.32582673430442805,Night
991166151198683136,1525136600.0,0.070907592773437,0.326662480831146,0.22833395004272403,0.23176634311676003,0.142329633235931,Night
991163567218003968,1525135984.0,0.11684449017047802,0.057914689183235,0.47465032339096,0.341030597686767,0.009559912607073002,Night
991163366252171264,1525135936.0,0.11684449017047802,0.057914689183235,0.47465032339096,0.341030597686767,0.009559912607073002,Night
991163215861178369,1525135900.0,0.09844212234020201,0.256809532642364,0.24813011288642803,0.227889791131019,0.16872853040695102,Night
991163103621603330,1525135873.0,0.111024290323257,0.23650160431861803,0.263411164283752,0.227616474032402,0.16144645214080802,Night
991163041009078273,1525135858.0,0.096102207899093,0.27883946895599304,0.240585729479789,0.12236408889293601,0.262108534574508,Night
991162315864231936,1525135685.0,0.12736262381076802,0.45554134249687106,0.25524675846099804,0.09397833794355301,0.06787082552909801,Night
991146800378769409,1525131986.0,0.13055576384067502,0.061829216778278004,0.535591900348663,0.237661764025688,0.034361369907855,Night
991146416054718464,1525131894.0,0.11703252792358301,0.22910167276859203,0.26569652557373,0.165140330791473,0.22302898764610202,Night
991145622618234880,1525131705.0,0.14597609639167702,0.049074538052082006,0.5260459780693051,0.267671823501586,0.011231521144509002,Night
991145031078735872,1525131564.0,0.11898880451917601,0.057436183094978006,0.48709169030189503,0.32331314682960505,0.013170171529054002,Night
991139167676575746,1525130166.0,0.12353911995887701,0.033546008169651004,0.588957846164703,0.245556622743606,0.008400401100516,Night
991138244829073408,1525129946.0,0.068403400480747,0.109016649425029,0.499235153198242,0.24846813082695002,0.07487671822309401,Night
991099117257535488,1525120617.0,0.14340417087078,0.051865555346012004,0.47732055187225303,0.31715971231460505,0.010250002145767,Evening
991098863460192256,1525120557.0,0.14340417087078,0.051865555346012004,0.47732055187225303,0.31715971231460505,0.010250002145767,Evening
991098426992578561,1525120453.0,0.14340417087078,0.051865555346012004,0.47732055187225303,0.31715971231460505,0.010250002145767,Evening
991097906185764865,1525120329.0,0.14340417087078,0.051865555346012004,0.47732055187225303,0.31715971231460505,0.010250002145767,Evening
991097904373927936,1525120328.0,0.13263578712940202,0.055166132748126005,0.45163547992706304,0.34928631782531705,0.011276312172412001,Evening
990467279665147905,1524969976.0,0.070681169629096,0.311568737030029,0.24886807799339203,0.086866430938243,0.282015562057495,Night
990420577914630147,1524958841.0,0.025903485715389002,0.605995297431945,0.151152208447456,0.07552000880241301,0.14142906665802002,Night
990418859571253249,1524958431.0,0.103148691356182,0.08702346682548501,0.49329230189323403,0.302595198154449,0.013940297998487,Night
990418023994548225,1524958232.0,0.119634382426738,0.08765519410371701,0.520931720733642,0.23997171223163602,0.031807001680135005,Night
990417382710677505,1524958079.0,0.09283912181854201,0.11922021955251601,0.46700388193130404,0.29259300231933505,0.028343798592686,Night
990417107086127105,1524958014.0,0.11932630091905501,0.24024112522602,0.223644465208053,0.18855226039886402,0.228235840797424,Night
990416088054845440,1524957771.0,0.16588199138641302,0.044509354978799,0.5367604494094841,0.24531091749668102,0.007537377066910001,Night
990415042242805760,1524957521.0,0.144911050796508,0.062293250113725,0.49922508001327504,0.273905098438262,0.019665485247969003,Night
990413526039711744,1524957160.0,0.073901705443859,0.16785542666912,0.44185578823089605,0.299838811159133,0.016548307612538,Night
990407830816641024,1524955802.0,0.088920176029205,0.093265391886234,0.283315479755401,0.517357647418975,0.017141357064247003,Night
990407318373314560,1524955680.0,0.087516449391841,0.037283737212419,0.633697628974914,0.23326863348484,0.008233533240854001,Night
990406319516635136,1524955442.0,0.127184182405471,0.06346022337675,0.5296807885169981,0.265235066413879,0.014439757913351002,Night
990405799892701187,1524955318.0,0.064399756491184,0.346494793891906,0.27177041769027704,0.12248753011226601,0.194847509264945,Night
990405696071127041,1524955293.0,0.04836136102676301,0.18675175309181202,0.32791063189506503,0.13086095452308602,0.30611529946327204,Night
990405579981099008,1524955265.0,0.11921063810586902,0.10113774985074901,0.44846445322036704,0.31565326452255205,0.015533836558461002,Night
990404983110631424,1524955123.0,0.129034996032714,0.055082097649574,0.5360730290412901,0.258350372314453,0.021459506824612003,Night
990404694030905345,1524955054.0,0.037613373249769,0.5611724853515621,0.242134541273117,0.14332802593708002,0.015751568600535,Night
990404495866843137,1524955007.0,0.114698842167854,0.058164224028587,0.54602038860321,0.261926919221878,0.019189547747373,Night
990403451678089216,1524954758.0,0.063929520547389,0.25290393829345703,0.293101370334625,0.348618954420089,0.041446220129728005,Night
990403162510123009,1524954689.0,0.07771560549736001,0.37317097187042203,0.253230333328247,0.11277909576892801,0.183104008436203,Night
990403143539113984,1524954684.0,0.052199691534042005,0.633419275283813,0.059147253632545006,0.11797905713319701,0.137254774570465,Night
990403095896129536,1524954673.0,0.08984935283660801,0.25385683774948103,0.26801967620849604,0.14987775683403,0.23839642107486703,Night
990402810251530240,1524954605.0,0.154130101203918,0.16033889353275302,0.305302798748016,0.168016970157623,0.21221122145652702,Night
990402429761064960,1524954514.0,0.129801526665687,0.040623072534799,0.48564594984054504,0.334795325994491,0.009134087711572,Night
990400436476809216,1524954039.0,0.021957922726869,0.746595382690429,0.129014804959297,0.059002347290515005,0.04342958331108,Night
990400388162555904,1524954027.0,0.129983305931091,0.041562546044588006,0.49362587928771906,0.32691973447799605,0.007908580824732,Night
990398076228644864,1524953476.0,0.050595350563526,0.46083468198776206,0.225888729095458,0.13309836387634202,0.12958285212516701,Night
990398045861892098,1524953469.0,0.10193583369255,0.07550722360610901,0.47209450602531405,0.338485658168792,0.011976844631135,Night
990397951024467969,1524953446.0,0.12560234963893802,0.042174205183982,0.5309763550758361,0.29218244552612305,0.009064704179763001,Night
990397941247631360,1524953444.0,0.109157398343086,0.17603403329849202,0.22150652110576602,0.15273581445217102,0.340566217899322,Night
990397031695953922,1524953227.0,0.06446301937103201,0.23882448673248202,0.30226582288742004,0.17467316985130302,0.21977350115776,Night
990396138711863296,1524953014.0,0.13898617029190002,0.034924235194921,0.5952515602111811,0.213081732392311,0.017756259068846002,Night
990395176521740289,1524952785.0,0.14417764544487,0.052337549626827004,0.476503610610961,0.31703108549118003,0.009950163774192,Night
990393459075878913,1524952375.0,0.116164334118366,0.060378611087799,0.5341745018959041,0.27040845155715904,0.018874093890190003,Night
990392972721213440,1524952259.0,0.122114934027194,0.061717219650745,0.564177572727203,0.234592586755752,0.017397649586200003,Night
990392937770078208,1524952251.0,0.138003259897232,0.056977607309818004,0.48096305131912204,0.310259759426116,0.013796338811516,Night
990391191509364737,1524951835.0,0.128115653991699,0.055933136492967,0.45976978540420504,0.343888074159622,0.012293408624827001,Night
989727192404787200,1524793525.0,0.149650394916534,0.14336447417736,0.280614614486694,0.35605058073997503,0.070320010185241,Night
989724982610575361,1524792998.0,0.37673997879028304,0.079319879412651,0.31795725226402205,0.18315900862216902,0.042823866009712004,Night
989708858435059712,1524789154.0,0.106037065386772,0.256038129329681,0.244578003883361,0.161227151751518,0.23211960494518202,Night
989705830579699715,1524788432.0,0.134680777788162,0.049052461981773,0.419893682003021,0.387390911579132,0.008982187137007,Night
989702452609011713,1524787627.0,0.128484278917312,0.055494349449872006,0.49467873573303206,0.31818610429763705,0.0031564878299830002,Night
989675711752560640,1524781251.0,0.193935438990592,0.247139483690261,0.33912426233291604,0.07508166134357401,0.144719198346138,Night
989654495977246721,1524776193.0,0.202608227729797,0.040612038224935004,0.39788728952407804,0.35183960199356,0.007052765227854,Evening
989190618361552896,1524665596.0,0.13254506886005402,0.066834405064582,0.45942705869674605,0.320866703987121,0.020326755940914,Afternoon
988957829624188928,1524610095.0,0.12855821847915602,0.22276318073272702,0.44822448492050104,0.132213652133941,0.06824043393135,Night
988957709356732416,1524610066.0,0.07295966148376401,0.34064018726348805,0.276168346405029,0.23071375489234902,0.079517990350723,Night
988089918927855622,1524403169.0,0.40528768301010104,0.023051727563142003,0.401900827884674,0.16525836288928902,0.004501384217292,Afternoon
987013800737038337,1524146602.0,0.111191689968109,0.265315294265747,0.246167719364166,0.17133340239524802,0.20599183440208402,Afternoon
986951911160074240,1524131846.0,0.128079414367675,0.218318313360214,0.39788961410522405,0.23883768916130002,0.016875004395842,Morning
986808823145955328,1524097732.0,0.121364831924438,0.043983399868011,0.538237929344177,0.286582291126251,0.009831562638282,Night
986781404636868609,1524091195.0,0.09324176609516101,0.207251563668251,0.257102191448211,0.161308228969573,0.28109624981880105,Night
986780884912222208,1524091071.0,0.115553364157676,0.060324132442474004,0.5091512799263,0.29611378908157304,0.018857460469007003,Night
986753155156336640,1524084459.0,0.204293578863143,0.20525705814361503,0.179502978920936,0.13671547174453702,0.27423095703125,Evening
986751764396462080,1524084128.0,0.10602448135614301,0.051748238503932,0.6744583845138551,0.156695321202278,0.011073579080402001,Evening
986026858943787013,1523911297.0,0.12764249742031,0.047239504754543006,0.49347802996635404,0.32217159867286604,0.009468351490795,Evening
985957598053785606,1523894784.0,0.128404051065444,0.083023287355899,0.44325029850006104,0.32442834973335205,0.020894013345241002,Evening
983299417754296320,1523261024.0,0.045627661049366004,0.24903653562068903,0.137397140264511,0.05906748771667401,0.508871138095855,Morning
983298137044537344,1523260719.0,0.12344465404748901,0.04812068864703101,0.537068009376525,0.28250694274902305,0.008859594352543,Morning
983298097420931072,1523260709.0,0.087369032204151,0.477053225040435,0.27825552225112904,0.08141279220581,0.07590943574905301,Morning
983203314660671488,1523238111.0,0.118204556405544,0.11213728040456701,0.612994670867919,0.133007928729057,0.02365561760962,Night
983169218341494784,1523229982.0,0.038226962089538005,0.44025337696075406,0.278085738420486,0.18371661007404302,0.05971734970808001,Night
983161733182181376,1523228198.0,0.13039906322956002,0.07750257849693201,0.503062725067138,0.27414321899414,0.01489239744842,Night
983160327432007680,1523227862.0,0.10243299603462201,0.068353429436683,0.665460467338562,0.15173363685607902,0.012019448913633001,Night
983159380202926081,1523227637.0,0.10195337235927501,0.370140194892883,0.25806725025177,0.192162841558456,0.07767638564109801,Night
983159331372896258,1523227625.0,0.12061077356338501,0.049850165843963005,0.5361918210983271,0.28439313173294,0.008954112417995,Night
983154198371069952,1523226401.0,0.27863025665283203,0.022829256951808003,0.5789307355880731,0.11261226981878202,0.006997505202889001,Night
983153769369296896,1523226299.0,0.10412578284740401,0.08816604316234501,0.512012660503387,0.26403865218162503,0.031656842678785005,Night
983137522413948928,1523222425.0,0.117029555141925,0.22311782836914001,0.208060413599014,0.20628373324871002,0.24550846219062802,Night
981945288335257600,1522938175.0,0.152702361345291,0.263819694519042,0.256727397441864,0.151433527469635,0.175317078828811,Afternoon
981945021225201665,1522938111.0,0.101636350154876,0.04735630378127,0.517239451408386,0.32897680997848505,0.004791073966771001,Afternoon
989724187144011776,1524792809.0,0.011761023662984002,0.749891400337219,0.079798132181167,0.12573815882205902,0.032811362296342,Night
989724101236281344,1524792788.0,0.015499363653361001,0.77895450592041,0.070216462016105,0.07542042434215501,0.059909202158451004,Night
988456404368289792,1524490546.0,0.24321641027927401,0.027160573750734003,0.5473034381866451,0.163309663534164,0.019009921699762,Afternoon
988431959314530305,1524484717.0,0.039012014865875,0.524748444557189,0.122462458908557,0.177225977182388,0.13655108213424602,Afternoon
988430154488827904,1524484287.0,0.173207804560661,0.041061718016862,0.523511528968811,0.07451844215393001,0.18770049512386303,Afternoon
987882346018885632,1524353679.0,0.06630340963602001,0.23964998126029902,0.204727098345756,0.20940570533275601,0.279913783073425,Night
985902014847569921,1523881532.0,0.24171993136405903,0.068889543414115,0.47113507986068703,0.208192184567451,0.010063196532428001,Afternoon
985901493210439680,1523881407.0,0.633169531822204,0.004601143300533001,0.27349185943603505,0.08739410340785901,0.0013433764688670002,Afternoon
985089655136772096,1523687850.0,0.08446304500102901,0.07853575050830801,0.51007479429245,0.16709375381469702,0.15983264148235302,Morning
984380031723081728,1523518663.0,0.11664732545614201,0.053985387086868,0.29033350944519004,0.532009482383728,0.007024291437119001,Morning
984102766074257408,1523452557.0,0.008511884137988,0.909725666046142,0.03521604463458,0.019799351692199003,0.026746984571218,Afternoon
983884942139580416,1523400624.0,0.19709655642509402,0.26373815536499,0.38091099262237504,0.08804982155561401,0.070204488933086,Night
983391288107065344,1523282928.0,0.11949852108955301,0.12812970578670502,0.478852033615112,0.249229192733764,0.024290602654218,Afternoon
983382223205232640,1523280767.0,0.080558389425277,0.5244120955467221,0.169298708438873,0.11298897862434301,0.112741842865943,Afternoon
983038295272599552,1523198768.0,0.279331088066101,0.09389059990644401,0.281051754951477,0.263811707496643,0.081914916634559,Afternoon
982998834425942016,1523189360.0,0.217874467372894,0.20655344426631903,0.395529478788375,0.13730786740779802,0.042734738439321004,Afternoon
982222042719141896,1523004158.0,0.1512401252985,0.058990329504013006,0.31036978960037204,0.464900195598602,0.014499560929834001,Morning
982115746812542977,1522978815.0,0.057585313916206006,0.15829694271087602,0.375584959983825,0.400989651679992,0.007543087005615,Night
981856519389171713,1522917010.0,0.015442622825503,0.6967746615409851,0.06613041460514,0.023328667506575,0.19832365214824602,Morning
981856437725990918,1522916991.0,0.075201779603958,0.20210617780685403,0.442687511444091,0.23430791497230502,0.045696679502725004,Morning
981853607267053569,1522916316.0,0.6318475008010861,0.028684439137578004,0.23706987500190702,0.090761616826057,0.011636589653789001,Morning
981719129785683968,1522884254.0,0.061895839869976,0.129629373550415,0.18246743083000103,0.056739002466201005,0.569268345832824,Night
981502718777921536,1522832658.0,0.146176233887672,0.11897177994251201,0.411516726016998,0.31506806612014704,0.008267214521765001,Morning
980822407354052608,1522670459.0,0.08885903656482601,0.18794070184230802,0.44968795776367104,0.253243386745452,0.020268896594643003,Afternoon
980643773938941952,1522627869.0,0.11469416320323901,0.113999031484127,0.48918747901916504,0.276403069496154,0.005716307554394001,Night
980360897683062785,1522560426.0,0.11526849865913301,0.06700187176465901,0.46741709113121005,0.32938656210899303,0.020926056429743,Morning
980277032301899778,1522540431.0,0.14169883728027302,0.074815511703491,0.6209360361099241,0.12916868925094602,0.033380888402462006,Night
978992215107268608,1522234107.0,0.10626854002475701,0.032383233308792,0.49931070208549505,0.356468260288238,0.005569301079958001,Afternoon
978975581273550848,1522230141.0,0.043069906532764005,0.359985172748565,0.198494404554367,0.25642856955528204,0.142021924257278,Morning
978975571307892736,1522230139.0,0.15945690870285,0.194328129291534,0.362223654985427,0.195243537425994,0.088747769594192,Morning
978972871442694147,1522229495.0,0.101693838834762,0.045924935489892,0.5430971384048461,0.30002725124359103,0.009256832301616,Morning
978972071068884993,1522229304.0,0.07537364959716701,0.37351912260055503,0.25548401474952703,0.136436998844146,0.15918619930744102,Morning
978890558583312385,1522209870.0,0.13464459776878301,0.289481163024902,0.321329265832901,0.24506801366806003,0.009476931765675,Morning
978890245344301057,1522209796.0,0.27159041166305503,0.375712513923645,0.16716131567955,0.159557476639747,0.025978263467550004,Morning
978890212448329728,1522209788.0,0.11903526633977801,0.10922805964946701,0.487792521715164,0.27329936623573303,0.010644786059856,Morning
978665546769027072,1522156223.0,0.13489128649234702,0.597492754459381,0.16236662864685,0.05739679560065201,0.047852631658315006,Afternoon
978664203543171072,1522155903.0,0.11073306202888401,0.35997337102890004,0.236151725053787,0.13161477446556,0.16152705252170502,Afternoon
978240397611761666,1522054860.0,0.061466444283723005,0.162106454372406,0.423186928033828,0.33490419387817305,0.018335953354835,Morning
978238892724903937,1522054501.0,0.093873731791973,0.109822586178779,0.47514539957046503,0.290264844894409,0.030893430113792003,Morning
978237645896732672,1522054204.0,0.067881129682064,0.07399277389049501,0.382763504981994,0.461202085018157,0.014160505495965,Morning
977921462609772544,1521978820.0,0.170090228319168,0.034437566995620006,0.6081161499023431,0.15369516611099202,0.033660851418972,Afternoon
977733198703570944,1521933934.0,0.14205852150917,0.016224447637796003,0.28956109285354603,0.536135911941528,0.016020074486732,Night
977732386765983745,1521933741.0,0.14726559817790902,0.262827217578887,0.38131296634674006,0.10331800580024701,0.105276197195053,Night
977731880375259136,1521933620.0,0.194597154855728,0.047817550599575,0.467993378639221,0.277027636766433,0.012564263306558,Night
977727438108045313,1521932561.0,0.067760482430458,0.10329715907573701,0.422269791364669,0.388450860977172,0.018221674486994,Night
977582194393726976,1521897932.0,0.06496562808752,0.15885463356971702,0.40823280811309803,0.139035388827323,0.228911519050598,Afternoon
977580230872150016,1521897464.0,0.11329689621925301,0.079703509807586,0.517567157745361,0.251459509134292,0.037972886115312,Afternoon
976031210995572737,1521528149.0,0.24971514940261802,0.23019300401210702,0.35404011607170105,0.136182531714439,0.029869224876165,Morning
974700689912881152,1521210928.0,0.044867888092994,0.326776385307312,0.293844938278198,0.298684865236282,0.035825908184051,Afternoon
974647698291810304,1521198294.0,0.074812829494476,0.17967310547828602,0.434685230255126,0.305791050195693,0.0050378488376730006,Afternoon
974647006302912513,1521198129.0,0.223618626594543,0.272204011678695,0.36268618702888406,0.07126589119434301,0.07022528350353201,Afternoon
973887367504281601,1521017017.0,0.077410846948623,0.24761122465133603,0.32867062091827304,0.14365442097187,0.20265287160873402,Morning
969612050967117825,1519997702.0,0.10938829183578401,0.04133154451847,0.235571146011352,0.610586464405059,0.00312254554592,Afternoon
969249906593419264,1519911360.0,0.22071157395839602,0.164898186922073,0.37103432416915805,0.184475094079971,0.05888089165091501,Afternoon
968727349930921984,1519786772.0,0.066986322402954,0.08471442759037001,0.522653818130493,0.24789212644100103,0.07775335013866401,Night
966160671724507136,1519174829.0,0.111573174595832,0.11311903595924301,0.386608958244323,0.37842500209808305,0.010273854248225,Night
965996278709501952,1519135634.0,0.075879506766796,0.10489012300968101,0.617334246635437,0.149067133665084,0.05282899737358,Afternoon
965995633914990593,1519135481.0,0.013000201433897001,0.5962420701980591,0.059669777750968,0.057818554341793005,0.273269474506378,Afternoon
965995486250283010,1519135445.0,0.32108819484710605,0.04911649227142301,0.404841780662536,0.216108053922653,0.008845585398375001,Afternoon
965609442891845632,1519043405.0,0.22267237305641102,0.024491708725690002,0.45282542705535805,0.29316067695617604,0.0068497406318780004,Afternoon
964731930724872193,1518834190.0,0.14574652910232502,0.05009219795465401,0.26102301478385903,0.53650951385498,0.0066287042573090005,Night
963701563662458880,1518588532.0,0.172478854656219,0.19206173717975603,0.45851695537567105,0.16036161780357303,0.016580812633037,Morning
963701164662558720,1518588437.0,0.20421808958053503,0.15049766004085502,0.38428303599357605,0.046251341700553006,0.214749887585639,Morning
962532026543955968,1518309692.0,0.141264289617538,0.05724037438631,0.44884458184242204,0.33862626552581704,0.014024501666426001,Night
962171385664720897,1518223709.0,0.07145282626152001,0.023834127932786,0.18053309619426702,0.7183122634887691,0.00586762279272,Night
962169091850153984,1518223162.0,0.134733110666275,0.117508202791213,0.314158797264099,0.194711625576019,0.23888823390007002,Night
961587074725015552,1518084398.0,0.32991036772727905,0.017147889360785002,0.26943200826644903,0.379635214805603,0.0038745368365190004,Afternoon
961448936820150272,1518051464.0,0.055956114083528005,0.640643715858459,0.13619673252105702,0.04263792932033501,0.12456556409597301,Night
961276507510460417,1518010353.0,0.059744682163,0.119602493941783,0.38574266433715804,0.40505310893058705,0.029857093468308,Afternoon
960499938407911424,1517825205.0,0.053485102951526,0.079749315977096,0.344476580619812,0.48407685756683305,0.038212150335311,Afternoon
960436976750034944,1517810193.0,0.07418280094861901,0.075258009135723,0.42014724016189503,0.416812926530838,0.013599048368632,Morning
960209674283855873,1517756000.0,0.12473414093255901,0.090637475252151,0.5728186368942261,0.186761826276779,0.025047941133379003,Afternoon
959091210013962240,1517489338.0,0.14415359497070301,0.043810121715068005,0.6427503824234001,0.147366493940353,0.021919392049312002,Afternoon
955835168673038342,1516713037.0,0.473725497722625,0.13902941346168501,0.201440811157226,0.157765135169029,0.028039122000336,Afternoon
955833783218987009,1516712707.0,0.132357388734817,0.038339167833328004,0.467191934585571,0.355598598718643,0.006512905005365,Afternoon
955456040606167040,1516622646.0,0.1370390355587,0.16514199972152702,0.38472840189933705,0.22768636047840102,0.08540424704551601,Afternoon
954570180805386240,1516411440.0,0.040995299816131,0.6277756690979001,0.16257195174694,0.113906778395175,0.05475027114152901,Night
954181789794250752,1516318841.0,0.45103591680526706,0.0667639747262,0.28060799837112405,0.19679056107997803,0.0048015699721870005,Night
954023417254100992,1516281082.0,0.05731039494276,0.721803426742553,0.127314254641532,0.053925849497318004,0.039646051824092005,Afternoon
953805569168568320,1516229143.0,0.05514961853623301,0.098005332052707,0.22026139497756902,0.6102445125579831,0.016339067369699003,Night
953326831729455104,1516115003.0,0.17573000490665402,0.076286494731903,0.514761269092559,0.08013645559549301,0.153085768222808,Afternoon
953267763824308224,1516100920.0,0.23114034533500602,0.074044585227966,0.340865582227706,0.346174508333206,0.0077749397605650005,Afternoon
953099321318154240,1516060760.0,0.148906111717224,0.086928844451904,0.45672878623008706,0.270730674266815,0.036705635488033,Night
953098542104498176,1516060574.0,0.11534376442432401,0.057834502309560006,0.5225698947906491,0.28986594080924905,0.014385882765054002,Night
952941479349051393,1516023128.0,0.019679151475429,0.7567945718765251,0.078325323760509,0.09763033688068301,0.047570589929819,Afternoon
952938886270873600,1516022509.0,0.119006022810935,0.165867835283279,0.394088268280029,0.195972487330436,0.125065296888351,Afternoon
949697413249359873,1515249682.0,0.041850090026855004,0.107959017157554,0.214992642402648,0.3111232817173,0.32407495379447904,Afternoon
948745390085451776,1515022702.0,0.044717043638229,0.6263571381568901,0.20919954776763902,0.05298615247011101,0.066740125417709,Night
948744815658725377,1515022565.0,0.12459538877010301,0.032962050288915,0.625232458114624,0.18849530816078103,0.028714852407574,Night
948219839142707200,1514897401.0,0.09914261847734401,0.019599206745624,0.57855749130249,0.27075356245040805,0.031947113573551005,Afternoon
948044487380439040,1514855594.0,0.21284998953342402,0.05710412561893401,0.547890067100524,0.066050432622432,0.116105362772941,Night
947694026597076992,1514772037.0,0.06991210579872101,0.306191235780715,0.16172473132610302,0.440292000770568,0.021879896521568,Night
947321598708559877,1514683244.0,0.16354236006736703,0.172431007027626,0.17750838398933402,0.09935396909713701,0.38716426491737305,Night
947320974248099840,1514683095.0,0.073009073734283,0.029830344021320003,0.34516662359237604,0.536512851715087,0.015481065958738001,Night
947320093033185280,1514682885.0,0.01665686443448,0.36070299148559504,0.046210013329982,0.5145804286003111,0.061849690973758004,Night
947318569372565504,1514682521.0,0.075975134968757,0.08902304619550701,0.547728896141052,0.24608781933784402,0.041185121983289004,Night
947317897919021056,1514682361.0,0.19523921608924802,0.034129716455936,0.466296851634979,0.209188133478164,0.095146089792251,Night
946772093655330818,1514552231.0,0.327203810214996,0.06311161071062,0.547001898288726,0.039643373340368,0.023039288818836,Afternoon
946771496428453888,1514552089.0,0.028999067842960004,0.09856811910867601,0.120683789253234,0.744436264038085,0.007312807254493001,Afternoon
946770118528266240,1514551761.0,0.06486491113901101,0.25440308451652505,0.35770958662033003,0.29124510288238503,0.031777348369359006,Afternoon
946769472412463104,1514551607.0,0.25181764364242504,0.06296312063932401,0.32834735512733404,0.255399674177169,0.101472198963165,Afternoon
946769465856761857,1514551605.0,0.18733781576156602,0.11247574537992401,0.465722918510437,0.077224060893058,0.157239481806755,Afternoon
946587021362962437,1514508107.0,0.196599662303924,0.31268358230590804,0.25739669799804604,0.09196719527244501,0.14135292172431901,Night
946196111328342017,1514414907.0,0.173560887575149,0.068773999810218,0.5824812650680541,0.14459100365638702,0.030592903494834,Night
945301632627097600,1514201646.0,0.027536120265722,0.527573943138122,0.277336567640304,0.10090463608503301,0.06664874404668801,Afternoon
943894357500760064,1513866126.0,0.073091633617877,0.103684782981872,0.29465484619140603,0.498895347118377,0.029673373326659,Afternoon
943894226336497664,1513866094.0,0.116985864937305,0.04629101604223201,0.46673440933227506,0.107084393501281,0.262904345989227,Afternoon
943890111015436288,1513865113.0,0.123283296823501,0.23920956254005402,0.175528556108474,0.22036431729793501,0.24161422252655002,Afternoon
943194672691740672,1513699308.0,0.47913184762001004,0.049085870385169005,0.29396367073059004,0.16380248963832802,0.014016158878803002,Evening
943135256424611840,1513685142.0,0.135729730129241,0.04928086698055201,0.42769023776054305,0.37688243389129605,0.010416709817945001,Afternoon
942457975167266817,1513523665.0,0.044024754315614006,0.528455734252929,0.169305741786956,0.207548439502716,0.050665341317653004,Afternoon
942248919400005638,1513473823.0,0.05726867169141701,0.267651736736297,0.405492424964904,0.234718099236488,0.034869112074375,Night
942231095726161921,1513469573.0,0.25826796889305104,0.035172209143638,0.47673642635345403,0.18576484918594302,0.044058587402105005,Night
941722740553216000,1513348372.0,0.07432389259338301,0.103481218218803,0.21998192369937802,0.50706261396408,0.09515035897493301,Afternoon
941721957996814338,1513348185.0,0.09058187901973701,0.11401265114545801,0.314964711666107,0.47200438380241305,0.008436298929154,Afternoon
940969495031508992,1513168784.0,0.093898698687553,0.036237113177776004,0.6921340227127071,0.16996563971042603,0.007764597423374001,Afternoon
940966816305766400,1513168145.0,0.041225008666515,0.04829511791467601,0.260666638612747,0.63637363910675,0.013439584523439001,Afternoon
940965354330669056,1513167797.0,0.049624681472778,0.700998783111572,0.091198958456516,0.10215410590171801,0.05602349713444701,Afternoon
940593813625520133,1513079215.0,0.015409726649522,0.19472506642341603,0.049128685146570004,0.718314409255981,0.022422080859541,Afternoon
940243932457218048,1512995797.0,0.36534267663955605,0.0918495580554,0.262338697910308,0.040015637874603,0.240453392267227,Afternoon
939796604114087936,1512889145.0,0.08869878947734801,0.176579296588897,0.457578539848327,0.24001336097717202,0.037129938602447,Morning
938238364897001472,1512517632.0,0.064042836427688,0.040888521820306,0.7038194537162781,0.17795388400554601,0.013295324519276001,Night
938062345011474432,1512475666.0,0.17456088960170701,0.29645299911499,0.24843353033065702,0.099848248064517,0.18070435523986803,Afternoon
937855318670766081,1512426307.0,0.16388246417045502,0.07883494347333901,0.24356167018413502,0.421526372432708,0.092194527387619,Night
937700895592136706,1512389489.0,0.075488351285457,0.22518801689147902,0.172621831297874,0.19137454032897902,0.33532723784446705,Afternoon
936286652959309824,1512052308.0,0.278883010149002,0.29787853360176003,0.294655621051788,0.10192424058914101,0.026658568531274,Afternoon
935857045583958017,1511949881.0,0.24805447459220803,0.051348876208066004,0.46116784214973405,0.234718114137649,0.004710760898888,Afternoon
935529038172495872,1511871678.0,0.115128099918365,0.018988264724612,0.545037865638732,0.31585472822189303,0.004990962799638001,Afternoon
935317207822696448,1511821174.0,0.110561341047286,0.13138945400714802,0.479958027601242,0.256072580814361,0.022018603980541,Night
934459397710868480,1511616656.0,0.109365552663803,0.041468989104032,0.6197712421417231,0.210075065493583,0.019319156184792,Afternoon
934374432230973441,1511596399.0,0.39825189113616905,0.108788065612316,0.154498666524887,0.277962386608123,0.06049902364611601,Morning
934374066131058689,1511596311.0,0.251073747873306,0.202085688710212,0.12261271476745601,0.21790012717247,0.206327736377716,Morning
933947136042921984,1511494523.0,0.18649743497371601,0.13030534982681202,0.438101679086685,0.20774039626121502,0.037355069071054,Morning
923602562690850816,1509028185.0,0.08876952528953501,0.149393707513809,0.482081353664398,0.252381920814514,0.027373529970645002,Afternoon
923602276899360768,1509028117.0,0.11846242845058401,0.080949902534484,0.511934459209442,0.282487303018569,0.006165946368128001,Afternoon
923414145298350080,1508983263.0,0.06281781196594201,0.32519972324371305,0.28092074394226,0.250818282365798,0.080243408679962,Night
923085664777789440,1508904947.0,0.06385020911693501,0.19348180294036801,0.225640505552291,0.031463477760553,0.48556402325630105,Morning
922715608017489920,1508816718.0,0.087763637304306,0.110487729310989,0.475851774215698,0.296289503574371,0.029607383534312002,Morning
922690413428797440,1508810711.0,0.174101769924163,0.09947799146175301,0.36629009246826105,0.35232412815093905,0.007805965840816001,Night
922035640820273153,1508654602.0,0.049599103629589004,0.318753361701965,0.371616691350936,0.22805789113044703,0.031972900032997,Morning
922034454956298240,1508654319.0,0.04677894338965401,0.604008138179779,0.22477531433105402,0.090088091790676,0.034349471330642,Morning
920247247715033088,1508228215.0,0.23162092268466902,0.25470608472824,0.16233079135417902,0.307444751262664,0.043897453695535,Morning
920244964965072899,1508227671.0,0.043220810592174,0.40502130985260004,0.212453335523605,0.33622506260871804,0.003079484216868,Morning
920244748803174400,1508227620.0,0.041938550770282,0.43675643205642706,0.18483459949493403,0.333103209733963,0.0033672391436990004,Morning
920244241955094534,1508227499.0,0.27075091004371604,0.052185457199811006,0.42527794837951605,0.23892855644226002,0.012857113964855001,Morning
920243535768535040,1508227330.0,0.20322555303573603,0.05636715516448,0.37586438655853205,0.142999738454818,0.22154316306114102,Morning
918849266285649921,1507894911.0,0.10104015469551,0.302188575267791,0.393999338150024,0.12831893563270502,0.07445296645164401,Afternoon
918848712285159425,1507894779.0,0.134663358330726,0.141775429248809,0.37620753049850403,0.103220418095588,0.24413324892520902,Afternoon
918007343446724608,1507694181.0,0.059333767741918,0.06748040765523901,0.444812536239624,0.422260344028472,0.0061129280366,Morning
918006084987531264,1507693881.0,0.090329587459564,0.037985276430845004,0.40699362754821705,0.45312279462814303,0.011568674817681,Morning
918005611664510976,1507693768.0,0.474058389663696,0.077694825828075,0.21475866436958302,0.178173154592514,0.055314939469099,Morning
918002142727757824,1507692941.0,0.133306190371513,0.12285400927066802,0.348048269748687,0.37841150164604104,0.017380017787218,Morning
918001775210139648,1507692853.0,0.25824701786041204,0.07407525926828301,0.49346670508384705,0.152781933546066,0.021429101005196002,Morning
917999472453369856,1507692304.0,0.064961366355419,0.17911338806152302,0.42186993360519404,0.29426109790802,0.039794191718101,Morning
916270860054421504,1507280171.0,0.112106263637542,0.09716568142175601,0.617273330688476,0.16299952566623602,0.010455149225890002,Morning
916268213813383168,1507279540.0,0.10898143053054801,0.048104375600814,0.342211365699768,0.48828521370887706,0.012417614459991,Morning
916181315589881857,1507258822.0,0.08219369500875401,0.21303308010101302,0.349220812320709,0.287450730800628,0.068101689219474,Morning
915859878245044226,1507182185.0,0.060945253819227004,0.132052928209304,0.381655156612396,0.38912609219551003,0.03622056916356,Morning
915859618764435456,1507182123.0,0.057309806346893005,0.041736911982297,0.496734142303466,0.39502793550491305,0.009191208519041,Morning
915858135935414272,1507181770.0,0.134934827685356,0.060402486473321006,0.610895037651062,0.151548266410827,0.042219426482915004,Morning
915856627349168129,1507181410.0,0.14830282330513,0.036660213023424,0.44369846582412703,0.357798874378204,0.013539600186049001,Morning
915093348641153024,1506999430.0,0.34306201338768005,0.011212762445211001,0.52624225616455,0.11101168394088701,0.008471283130347,Night
914907601208352768,1506955144.0,0.155902206897735,0.033872034400701,0.548813164234161,0.188259452581405,0.073153086006641,Afternoon
914188719246028800,1506783750.0,0.08692865818738901,0.42055374383926303,0.155428603291511,0.304412722587585,0.032676260918378004,Afternoon
913970701916180480,1506731770.0,0.07753050327301,0.129943937063217,0.28985095024108803,0.48786073923110906,0.014813866466283002,Night
912553127747784704,1506393794.0,0.017028411850333002,0.690947771072387,0.11558268219232501,0.090016327798366,0.08642479777336101,Night
911956021152587777,1506251433.0,0.041388973593711006,0.252625495195388,0.08022072911262501,0.519946575164794,0.10581830143928501,Afternoon
911869831086878720,1506230884.0,0.023574979975819,0.074815176427364,0.065728582441806,0.19742375612258903,0.638457536697387,Morning
911163431142662144,1506062465.0,0.173262745141983,0.094410553574562,0.502426207065582,0.202991619706153,0.026908844709396,Morning
911134368151740418,1506055536.0,0.067499585449695,0.052064925432205006,0.294050395488739,0.559084177017211,0.027300853282213003,Morning
911133531161559040,1506055336.0,0.022922301664948002,0.730767548084259,0.070767104625701,0.132489293813705,0.043053720146417,Morning
909292644269907968,1505616434.0,0.113729901611804,0.293583095073699,0.254847794771194,0.15357355773448902,0.184265673160552,Night
905745678197862400,1504770772.0,0.084007829427719,0.41768211126327504,0.15877830982208202,0.31644731760025,0.023084435611963,Morning
905740980682235904,1504769652.0,0.20902147889137201,0.113519109785556,0.41081851720809903,0.23267027735710102,0.033970579504966,Morning
901791447921201152,1503828010.0,0.15046577155590002,0.267848789691925,0.40582185983657804,0.14182585477828902,0.03403765708208,Afternoon
900545682628460545,1503530996.0,0.06630757451057401,0.019301790744066002,0.387408971786499,0.5210326910018921,0.005949007347226001,Night
894888833891745794,1502182298.0,0.089641466736793,0.21605411171913103,0.47553247213363603,0.191715523600578,0.027056446298956004,Morning
894888709052444672,1502182269.0,0.08341747522354101,0.21180051565170202,0.19893604516983002,0.28009918332099903,0.225746721029281,Morning
894805846315515904,1502162513.0,0.19381678104400601,0.022252455353736003,0.501580417156219,0.27222257852554305,0.010127798654139,Morning
894803779907837952,1502162020.0,0.080424532294273,0.07061610370874401,0.5569465160369871,0.210831999778747,0.081180863082408,Morning
894799844333596672,1502161082.0,0.12325766682624802,0.04235512018203701,0.584790766239166,0.22969421744346602,0.019902221858501,Night
894054172571586560,1501983300.0,0.083678483963012,0.15412025153636902,0.49333348870277405,0.24818292260169902,0.020684849470853,Night
894053051702534144,1501983032.0,0.16431105136871302,0.056068621575832006,0.560161352157592,0.19666451215744002,0.022794464603066,Night
878939209565745153,1498379612.0,0.113970875740051,0.035333678126335005,0.6836329698562621,0.08756260573863901,0.079499892890453,Morning
871253465418219520,1496547187.0,0.10913364589214301,0.029295604676008002,0.56159508228302,0.287653923034667,0.012321759015321001,Morning
871253208823287810,1496547126.0,0.13880115747451702,0.047745700925588004,0.53046691417694,0.254888474941253,0.028097774833440003,Morning
990231414732816384,1524913741.0,0.097414061427116,0.31723079085350003,0.219097286462783,0.12189447879791201,0.24436341226100902,Afternoon
989443532279631872,1524725895.0,0.09393252432346301,0.15836907923221502,0.5140389204025261,0.20843535661697302,0.025224108248949002,Morning
988895325250244608,1524595192.0,0.12376263737678501,0.058628667145967005,0.622372508049011,0.19222486019134502,0.0030112841632210004,Evening
988660198662332416,1524539134.0,0.111314140260219,0.46694001555442805,0.26804369688034,0.09728253632783801,0.056419610977172005,Morning
988361080446500864,1524467819.0,0.07983513176441101,0.069293841719627,0.5167773365974421,0.311632633209228,0.022460972890257003,Morning
987318433929871361,1524219232.0,0.12203708291053701,0.11253229528665501,0.49571257829666104,0.21356076002120902,0.056157290935516004,Afternoon
987318359069835264,1524219214.0,0.11392429471015901,0.071712173521518,0.5671702623367311,0.23359352350234902,0.013599770143628,Afternoon
987316994079768576,1524218889.0,0.091189831495285,0.335767835378646,0.32877713441848705,0.11464668065309501,0.129618510603904,Afternoon
987294194485026817,1524213453.0,0.11106905341148302,0.24647139012813502,0.177723109722137,0.13022139668464602,0.33451509475708,Morning
987266043520233472,1524206741.0,0.124459967017173,0.09940800070762601,0.441971600055694,0.30368387699127203,0.030476557090878,Morning
986940435204521984,1524129110.0,0.044316302984952004,0.574320614337921,0.10391651093959801,0.23131217062473203,0.046134464442729006,Morning
986774830035877888,1524089627.0,0.223504394292831,0.062781825661659,0.525410413742065,0.173055410385131,0.015247981064021001,Night
985876888219340800,1523875541.0,0.045048788189888,0.5432215929031371,0.226436734199523,0.07343994081020301,0.11185296624898901,Afternoon
985171892037238786,1523707457.0,0.24916769564151703,0.060289286077022004,0.47821205854415805,0.17146110534667902,0.040869858115911005,Afternoon
984048596726108160,1523439642.0,0.106918588280677,0.049556326121091,0.614520668983459,0.21651208400726302,0.012492311187088,Morning
983350428858372097,1523273186.0,0.13985460996627802,0.051139071583747,0.466948986053466,0.330890834331512,0.011166471987962001,Afternoon
983296930003410945,1523260431.0,0.136966913938522,0.075159907341003,0.517629861831665,0.24368694424629203,0.026556339114904,Morning
982552528788242432,1523082952.0,0.07086534798145201,0.090801835060119,0.134470790624618,0.6796408295631401,0.024221228435635,Morning
981057215225249794,1522726441.0,0.08831072598695701,0.679450690746307,0.07726995646953501,0.12442897260189001,0.030539639294147002,Morning
980962991251193856,1522703977.0,0.016257323324680002,0.808090448379516,0.034469611942768,0.039877817034721,0.10130483657121601,Night
980625995186057216,1522623631.0,0.044546265155076,0.7353493571281431,0.09896794706583001,0.06366054713726,0.05747587233781801,Night
980072144443879424,1522491582.0,0.125648498535156,0.048226848244667005,0.49899846315383906,0.312082111835479,0.015044072642922,Afternoon
979979413142974464,1522469473.0,0.049234315752983,0.566003084182739,0.11336524784564901,0.16258947551250402,0.108807876706123,Morning
979361301469151232,1522322104.0,0.11966438591480201,0.049546264111995,0.5032662749290461,0.312359780073165,0.015163311734795001,Afternoon
979017312333307904,1522240091.0,0.071677342057228,0.23987868428230202,0.173544824123382,0.07670172303915,0.438197433948516,Afternoon
978288714093805568,1522066379.0,0.088515758514404,0.25018435716629,0.362617790699005,0.23694613575935303,0.061735972762107,Afternoon
978269171849994240,1522061720.0,0.13348284363746601,0.06474842131137801,0.46565681695938105,0.31947106122970503,0.016640838235616,Afternoon
978258691886493697,1522059221.0,0.098046362400054,0.04563619941473,0.536537528038024,0.31467390060424805,0.005106084514409,Afternoon
978149841833361408,1522033270.0,0.123270764946937,0.45806607604026706,0.27587279677391,0.056561540812253,0.08622883260250001,Morning
977702607920685059,1521926641.0,0.026694230735301003,0.707326889038085,0.07212524861097301,0.09778700023889501,0.09606668353080701,Night
977134058533564417,1521791088.0,0.110604248940944,0.050959430634975,0.5337337255477901,0.289517253637313,0.015185318887233,Morning
976485487631261697,1521636457.0,0.119033016264438,0.059410233050584,0.471481084823608,0.335681915283203,0.014393750578165,Afternoon
976477696812199936,1521634599.0,0.13357558846473602,0.07899123430252,0.366085618734359,0.36548763513565,0.055859960615634,Afternoon
975754879640657920,1521462266.0,0.096505105495452,0.149036586284637,0.505888700485229,0.17262217402458102,0.075947389006614,Afternoon
975751920190046208,1521461561.0,0.041630420833826,0.5699724555015561,0.149177581071853,0.178956866264343,0.060262650251388,Afternoon
975749592007327744,1521461005.0,0.09569627046585001,0.14138318598270402,0.49011915922164906,0.237667113542556,0.035134263336658006,Afternoon
975292414398152704,1521352006.0,0.051085967570543005,0.589777052402496,0.191691011190414,0.10325264930725,0.064193330705165,Morning
975260525255733249,1521344403.0,0.136088162660598,0.048557501286268005,0.48635464906692505,0.31658434867858803,0.012415347620844001,Morning
974622457368788993,1521192276.0,0.13248744606971702,0.067252293229103,0.531721353530883,0.26259613037109303,0.005942741408944001,Morning
973869224987738112,1521012691.0,0.025545537471771,0.7677153348922731,0.06482294946908901,0.11287599056959101,0.029040267691016003,Morning
973775814595694602,1520990420.0,0.017875859513878,0.759714722633361,0.06368407607078501,0.126655578613281,0.032069705426692005,Night
973768160506777601,1520988595.0,0.09856845438480301,0.197938099503517,0.439606666564941,0.16686192154884302,0.09702485799789401,Night
973768073214820353,1520988575.0,0.031993381679058006,0.6384952068328851,0.08311749994754701,0.06063961610198001,0.18575428426265703,Night
973717916209369088,1520976616.0,0.07328457385301501,0.153318911790847,0.358843266963958,0.40000396966934204,0.014549251645803,Night
973717699095244800,1520976564.0,0.005140726454555,0.7044854164123531,0.009439618326723001,0.036730177700519,0.24420407414436301,Night
973537182928351232,1520933526.0,0.05401613563299101,0.5912625789642331,0.067457005381584,0.25714886188507,0.030115442350506002,Morning
973498472086126592,1520924297.0,0.016205597668886,0.7680640220642091,0.035915661603212,0.16210526227951003,0.017709497362375003,Morning
973494916654362624,1520923449.0,0.12086185067892001,0.305787086486816,0.349872320890426,0.15283213555812802,0.07064662873744901,Morning
973490177157967872,1520922319.0,0.06406982243061,0.22081755101680703,0.46904188394546503,0.19617049396038003,0.049900263547897006,Morning
973477612663095297,1520919323.0,0.015685388818383002,0.778761148452758,0.068060338497161,0.090729430317878,0.046763680875301,Morning
973410551748476928,1520903335.0,0.052595093846321,0.5087535381317131,0.129247888922691,0.13069385290145802,0.17870956659317003,Night
973409241640796160,1520903022.0,0.075001694262027,0.152648851275444,0.37927818298339805,0.374192297458648,0.018878951668739003,Night
973374475822448640,1520894734.0,0.12812440097332,0.383170247077941,0.25431814789772,0.15908148884773202,0.07530571520328501,Night
973361349819535360,1520891604.0,0.010129407048225,0.8393892049789421,0.038357246667146,0.059316366910934004,0.052807755768299006,Night
973360928497459201,1520891504.0,0.094603069126605,0.603063106536865,0.076103761792182,0.053320836275815006,0.17290920019149703,Night
973337007286988801,1520885800.0,0.020890481770038,0.750792622566223,0.099294081330299,0.06846359372138901,0.060559138655662,Evening
973251680471957504,1520865457.0,0.11686603724956501,0.07834776490926701,0.46260395646095204,0.33138373494148204,0.010798525065183001,Afternoon
973250895214387200,1520865270.0,0.21008098125457703,0.302095711231231,0.298053801059722,0.102799817919731,0.08696973323822,Afternoon
973239276086312960,1520862499.0,0.06818214058876,0.242414146661758,0.40619772672653204,0.262266039848327,0.020939964801073,Afternoon
973237758293458944,1520862138.0,0.024327527731657,0.6474894285202021,0.088580951094627,0.072443924844264,0.16715818643569902,Afternoon
973237252703756288,1520862017.0,0.167862355709075,0.390307068824768,0.23761200904846103,0.13969412446022,0.064524501562118,Afternoon
973236267558215685,1520861782.0,0.023443484678864,0.7093814015388481,0.105056695640087,0.080917924642562,0.08120043575763701,Afternoon
973207335211380736,1520854884.0,0.012967236340045001,0.733330786228179,0.043308395892381,0.060479827225208005,0.14991375803947402,Afternoon
973206418118492160,1520854666.0,0.088638871908187,0.052884124219417,0.48857739567756603,0.359471976757049,0.010427634231746,Afternoon
973187458304114688,1520850145.0,0.013209981843829,0.7404460906982421,0.036197889596223005,0.045753546059131005,0.164392471313476,Afternoon
973180339462946816,1520848448.0,0.143130168318748,0.05307803303003301,0.46699014306068404,0.326530873775482,0.01027073059231,Morning
973139732434583554,1520838766.0,0.146005630493164,0.175819292664527,0.47430574893951405,0.149566635489463,0.054302759468555006,Morning
973087415274323969,1520826293.0,0.10782170295715302,0.137979373335838,0.442168891429901,0.27713742852211,0.034892547875642,Morning
971906567632183296,1520544757.0,0.108412906527519,0.216788262128829,0.327461421489715,0.322060257196426,0.025277130305767,Night
971763536383787008,1520510656.0,0.108412906527519,0.216788262128829,0.327461421489715,0.322060257196426,0.025277130305767,Afternoon
971758320250896384,1520509412.0,0.06030759960412901,0.160753950476646,0.5032054185867311,0.253641128540039,0.022091852501034,Afternoon
971737352379879429,1520504413.0,0.036380048841238,0.22715353965759202,0.170640379190444,0.09470658004283901,0.47111946344375605,Afternoon
971735983434604544,1520504087.0,0.066585801541805,0.23883259296417203,0.349152594804763,0.28957188129425004,0.055857151746749004,Afternoon
971719223364890624,1520500091.0,0.09355960786342601,0.13090878725051802,0.41243398189544606,0.356062203645706,0.007035417947918001,Morning
971405370517172224,1520425262.0,0.09021459519863101,0.12588146328926,0.45618933439254705,0.29052361845970104,0.03719101473689,Afternoon
971405348882956288,1520425257.0,0.09021459519863101,0.12588146328926,0.45618933439254705,0.29052361845970104,0.03719101473689,Afternoon
971405316783943680,1520425250.0,0.09021459519863101,0.12588146328926,0.45618933439254705,0.29052361845970104,0.03719101473689,Afternoon
971253936316452864,1520389158.0,0.100989833474159,0.041377641260623,0.22500833868980402,0.6209360361099241,0.011688131839036001,Night
971038100943261699,1520337698.0,0.095755770802497,0.10812941193580601,0.47597301006317105,0.286823064088821,0.033318735659122,Afternoon
971038013642952705,1520337678.0,0.095755770802497,0.10812941193580601,0.47597301006317105,0.286823064088821,0.033318735659122,Afternoon
971037948803272708,1520337662.0,0.095755770802497,0.10812941193580601,0.47597301006317105,0.286823064088821,0.033318735659122,Afternoon
971033767757471745,1520336665.0,0.137575283646583,0.133759275078773,0.539727926254272,0.17108875513076702,0.017848834395408002,Afternoon
971033575876448257,1520336620.0,0.129652589559555,0.07696751505136401,0.43394786119461004,0.30854403972625705,0.050887990742921003,Afternoon
971021355914166272,1520333706.0,0.196818813681602,0.125602826476097,0.48125422000885004,0.16499418020248402,0.031329974532127006,Afternoon
970678011254026240,1520251846.0,0.09021459519863101,0.12588146328926,0.45618933439254705,0.29052361845970104,0.03719101473689,Afternoon
970677664406106112,1520251764.0,0.09021459519863101,0.12588146328926,0.45618933439254705,0.29052361845970104,0.03719101473689,Afternoon
970677607174844416,1520251750.0,0.09021459519863101,0.12588146328926,0.45618933439254705,0.29052361845970104,0.03719101473689,Afternoon
970677585649614848,1520251745.0,0.09021459519863101,0.12588146328926,0.45618933439254705,0.29052361845970104,0.03719101473689,Afternoon
970677546877513729,1520251736.0,0.09021459519863101,0.12588146328926,0.45618933439254705,0.29052361845970104,0.03719101473689,Afternoon
969956135850536960,1520079738.0,0.09147924184799101,0.10910395532846401,0.48578497767448403,0.268471151590347,0.045160666108131006,Afternoon
969956057899442176,1520079719.0,0.09147924184799101,0.10910395532846401,0.48578497767448403,0.268471151590347,0.045160666108131006,Afternoon
969589439830740992,1519992311.0,0.091117024421691,0.11294569075107501,0.45742583274841303,0.300099909305572,0.038411516696214,Afternoon
969589421937909760,1519992306.0,0.091117024421691,0.11294569075107501,0.45742583274841303,0.300099909305572,0.038411516696214,Afternoon
969589379818700800,1519992296.0,0.091117024421691,0.11294569075107501,0.45742583274841303,0.300099909305572,0.038411516696214,Afternoon
969589362492022785,1519992292.0,0.091117024421691,0.11294569075107501,0.45742583274841303,0.300099909305572,0.038411516696214,Afternoon
969589336592171008,1519992286.0,0.091117024421691,0.11294569075107501,0.45742583274841303,0.300099909305572,0.038411516696214,Afternoon
969565276730662912,1519986550.0,0.074081748723983,0.106365509331226,0.544601619243621,0.22874805331230103,0.046203028410673,Afternoon
969233685332426752,1519907492.0,0.074302598834037,0.192329853773117,0.348871111869812,0.327813863754272,0.05668259412050201,Afternoon
969230969159823362,1519906845.0,0.09289795905351601,0.11109178513288401,0.47513538599014205,0.266479313373565,0.054395522922277006,Afternoon
969230831481794560,1519906812.0,0.09289795905351601,0.11109178513288401,0.47513538599014205,0.266479313373565,0.054395522922277006,Afternoon
969230680243675136,1519906776.0,0.078079186379909,0.190986424684524,0.36617779731750405,0.35671758651733404,0.008039010688662,Afternoon
969230659439927296,1519906771.0,0.09289795905351601,0.11109178513288401,0.47513538599014205,0.266479313373565,0.054395522922277006,Afternoon
969217996475346945,1519903752.0,0.136088162660598,0.048557501286268005,0.48635464906692505,0.31658434867858803,0.012415347620844001,Afternoon
969214783307235328,1519902986.0,0.104232341051101,0.040530063211917,0.550353407859802,0.28753980994224504,0.017344351857900002,Afternoon
969211964978216961,1519902314.0,0.110916435718536,0.06606230139732301,0.427986681461334,0.37250500917434604,0.022529523819684,Afternoon
969203641021186048,1519900329.0,0.07012765854597,0.261827945709228,0.329588502645492,0.30883800983428905,0.029617888852953002,Afternoon
969167508501483520,1519891714.0,0.08182704448699901,0.211630076169967,0.40914803743362405,0.229113191366195,0.068281643092632,Morning
968516659882336257,1519736540.0,0.07936863601207701,0.29512318968772805,0.19147780537605202,0.38584619760513306,0.048184152692556007,Afternoon
966329059062923264,1519214975.0,0.10491231083869901,0.39815199375152505,0.30895310640335,0.131739988923072,0.056242614984512,Afternoon
963707957274791937,1518590056.0,0.07931770384311601,0.05871478468179701,0.564572572708129,0.284118324518203,0.013276671990752002,Morning
962349927761260544,1518266277.0,0.045028075575828004,0.29397070407867404,0.07558347284793801,0.572172939777374,0.013244902715086,Afternoon
961569630354423808,1518080239.0,0.132362812757492,0.084976032376289,0.43538600206375105,0.331552684307098,0.015722498297691002,Morning
960729482649677824,1517879932.0,0.316920667886734,0.09739898145198801,0.38984429836273105,0.143726363778114,0.052109647542238006,Night
960022432550563840,1517711358.0,0.12691110372543302,0.20896157622337302,0.43311661481857305,0.20040842890739402,0.030602201819419004,Night
959426734083813376,1517569333.0,0.149958938360214,0.04641343653202001,0.57453715801239,0.21189770102500902,0.017192844301462,Afternoon
959373032643940352,1517556529.0,0.180137991905212,0.09007449448108601,0.5313174724578851,0.193535223603248,0.004934818483889001,Morning
957838561000108032,1517190683.0,0.300598859786987,0.06447201222181301,0.539045214653015,0.022982658818364,0.072901241481304,Night
950404338198880257,1515418226.0,0.77478539943695,0.011825116351246001,0.174420937895774,0.037480287253856,0.00148826255463,Afternoon
947448194014724096,1514713426.0,0.103865757584571,0.14789493381977,0.3614481985569,0.107433520257472,0.279357552528381,Morning
945962635081551872,1514359241.0,0.10221417248249001,0.11341171711683201,0.5984393954277031,0.165208220481872,0.020726514980196002,Morning
945624876202672128,1514278714.0,0.05464000627398401,0.16923439502716,0.471604198217391,0.299456536769866,0.005064890254288,Morning
942755413765664768,1513594580.0,0.194115340709686,0.029564227908849,0.5019979476928711,0.27007830142974804,0.004244205541908,Afternoon
942714411017314304,1513584805.0,0.099869355559349,0.24908742308616602,0.22232541441917403,0.142847180366516,0.285870611667633,Morning
940948942459568128,1513163884.0,0.142142325639724,0.053789414465427,0.507443726062774,0.28310209512710505,0.013522449880838,Afternoon
940596848603074561,1513079938.0,0.09454630315303801,0.110585510730743,0.37296825647354104,0.39755797386169406,0.02434192225337,Afternoon
940541142692536321,1513066657.0,0.09878335893154101,0.09303647279739301,0.365562558174133,0.43359720706939703,0.009020403958857,Morning
938791456017223680,1512649499.0,0.04516966640949201,0.49277713894844005,0.330512285232543,0.103303998708724,0.028236899524927,Afternoon
938390637300166657,1512553937.0,0.11322070658206901,0.054546128958463,0.5467036962509151,0.20019961893558502,0.085329793393611,Morning
938247176890695680,1512519733.0,0.06457520276308,0.087472304701805,0.33016318082809404,0.513488829135894,0.004300514701753,Night
936602185990733825,1512127537.0,0.155440628528594,0.11870501935482002,0.16159781813621502,0.22523787617683402,0.33901870250701904,Afternoon
935399723048960000,1511840847.0,0.121969252824783,0.104158453643321,0.40732252597808805,0.338276028633117,0.028273809701204,Morning
934669839372664832,1511666829.0,0.09257652610540301,0.10355942696332901,0.420010119676589,0.37631005048751803,0.007543902844190001,Morning
934085288791490561,1511527461.0,0.08290759474039,0.09463135898113201,0.494831055402755,0.29087013006210305,0.036759845912456006,Afternoon
934081529361317889,1511526565.0,0.17960238456726002,0.056343127042055005,0.512703299522399,0.242443889379501,0.008907372131943,Afternoon
934069920349921280,1511523797.0,0.083750918507575,0.066800460219383,0.40234270691871604,0.41047027707099903,0.036635581403970004,Afternoon
934066907728158720,1511523079.0,0.08290759474039,0.09463135898113201,0.494831055402755,0.29087013006210305,0.036759845912456006,Afternoon
933320444609826816,1511345108.0,0.09375397861003801,0.19448010623455,0.17393159866333002,0.14410208165645602,0.39373224973678506,Afternoon
932632096551591937,1511180993.0,0.04242239892482701,0.11345152556896201,0.320144027471542,0.503850042819976,0.020131967961788,Afternoon
931491355863347201,1510909020.0,0.107913166284561,0.045430671423673005,0.44852298498153603,0.38178905844688404,0.016344111412763002,Morning
931481855135686656,1510906755.0,0.080266967415809,0.15421731770038602,0.425140082836151,0.26760345697402904,0.072772122919559,Morning
931479909666451456,1510906291.0,0.08701747655868501,0.125094890594482,0.454020828008651,0.262149572372436,0.071717247366905,Morning
931372451946049537,1510880671.0,0.09865362942218701,0.37527096271514804,0.289639592170715,0.221125438809394,0.015310389921069001,Night
931181440393342976,1510835130.0,0.09326665848493501,0.16423484683036801,0.45591115951538,0.236777424812316,0.049809947609901005,Afternoon
927355690762387456,1509923000.0,0.11725032329559301,0.20080496370792303,0.24949815869331302,0.39300680160522405,0.039439752697944,Night
927153500072525826,1509874794.0,0.11077336966991401,0.070834316313266,0.520452499389648,0.27378311753273005,0.024156672880053003,Morning
924815260388753408,1509317314.0,0.068460181355476,0.142960652709007,0.49251621961593606,0.27208676934242204,0.023976171389222003,Night
919176639488995329,1507972962.0,0.074942432343959,0.040555022656917,0.33069992065429604,0.5479995012283321,0.005803148262202001,Morning
918840407407988736,1507892799.0,0.086772143840789,0.315957754850387,0.35750016570091203,0.160238608717918,0.07953137159347501,Afternoon
918794641775849472,1507881887.0,0.10272258520126301,0.09379681199789,0.42979484796524003,0.36215817928314203,0.011527614668011001,Morning
918350712039284736,1507776046.0,0.16939023137092502,0.064439579844474,0.466979444026947,0.28293979167938205,0.016250982880592003,Night
918092157105225734,1507714402.0,0.10534013807773501,0.127556204795837,0.434585332870483,0.30597507953643804,0.026543240994215,Morning
917758373969387520,1507634822.0,0.028411541134119003,0.6124604940414421,0.117495380342006,0.129791349172592,0.11184125393629,Afternoon
917674680227528704,1507614867.0,0.027191380038857002,0.623798131942749,0.1023850440979,0.117627091705799,0.128998339176177,Morning
917643715279069184,1507607485.0,0.011084139347076001,0.073410354554653,0.03834406659007,0.8740315437316891,0.0031299279071390004,Morning
917605567954247681,1507598390.0,0.130529731512069,0.030699808150529,0.5747385025024411,0.25370261073112405,0.010329335927963,Night
917592031450382336,1507595162.0,0.08011603355407701,0.203343316912651,0.413853764533996,0.26345616579055703,0.039230722934007006,Night
917591358562430976,1507595002.0,0.086849443614482,0.12700180709362002,0.45644634962081904,0.301819592714309,0.027882851660251003,Night
917587397956722689,1507594058.0,0.084992781281471,0.15408685803413302,0.40162402391433705,0.328170359134674,0.031126018613576,Night
917310205448384513,1507527970.0,0.078166112303733,0.09408251941204,0.293675780296325,0.514271140098571,0.019804434850811,Morning
991574631399280640,1525233989.0,0.148924350738525,0.036664888262748004,0.604935646057128,0.205152302980422,0.004322804510593001,Morning
990833928775888896,1525057392.0,0.13178133964538502,0.058297526091337,0.549915552139282,0.23314353823661801,0.026862069964408004,Morning
952996952588906497,1516036353.0,0.052215747535228,0.188141524791717,0.09926964342594101,0.073696173727512,0.586676955223083,Evening
815052475350786051,1483147827.0,0.037357687950134,0.209368467330932,0.192454695701599,0.252716988325119,0.308102190494537,Night
810702427896811520,1482110695.0,0.069496035575866,0.068761505186557,0.445692360401153,0.32530814409255904,0.09074200689792601,Night
810701495503036421,1482110473.0,0.070802561938762,0.08032755553722301,0.580082297325134,0.259340971708297,0.009446559473872001,Night
810668852409466881,1482102690.0,0.105782866477966,0.09004916250705701,0.41552031040191606,0.331029176712036,0.057618543505668,Night
810640440714260480,1482095916.0,0.14119186997413602,0.058899320662021006,0.5528488755226131,0.207065790891647,0.039994154125452,Night
788141449766432768,1476731739.0,0.210507974028587,0.018577344715595003,0.5722253322601311,0.19216299057006803,0.006526373792439,Evening
786452956031836160,1476329170.0,0.163977921009063,0.014996204525232001,0.233468323945999,0.586877524852752,0.000679978402331,Morning
781969048477327364,1475260124.0,0.128804683685302,0.010821009054780001,0.438261210918426,0.41736400127410805,0.004749097861349001,Evening
778480935721377792,1474428493.0,0.090263932943344,0.06453893333673401,0.30266559123992903,0.5383979678153991,0.00413353042677,Morning
685984941633478656,1452379329.0,0.064400345087051,0.179318979382514,0.445567309856414,0.301845103502273,0.008868258446455,Night
684461257257160704,1452016055.0,0.108186066150665,0.044930290430784,0.526488065719604,0.31444683670997603,0.00594865437597,Evening
684459856363835392,1452015721.0,0.08284282684326101,0.115403816103935,0.275294780731201,0.52122813463211,0.005230416078120001,Evening
681715712943996928,1451361466.0,0.07207681238651201,0.45476877689361506,0.19665491580963101,0.167669594287872,0.10882987082004501,Night
678374825681793024,1450564936.0,0.079446204006671,0.364687740802764,0.295788466930389,0.07434295862913101,0.185734614729881,Night
678374786674757633,1450564927.0,0.06529770791530601,0.15307074785232502,0.35301548242568903,0.409700751304626,0.018915280699729,Night
678374773152342016,1450564924.0,0.126919686794281,0.055720001459121,0.485403954982757,0.304513543844223,0.027442771941423003,Night
678374760863023104,1450564921.0,0.147118881344795,0.065446980297565,0.52417767047882,0.24657586216926503,0.016680607572197,Night
678374318426816513,1450564815.0,0.096580445766448,0.133454099297523,0.550125837326049,0.17970710992813102,0.040132481604814,Night
676512297062281216,1450120875.0,0.159375667572021,0.09877674281597101,0.45560020208358704,0.27230596542358404,0.013941437005996002,Evening
669025333950091264,1448335844.0,0.045257329940795,0.293118447065353,0.16964595019817302,0.367789447307586,0.124188780784606,Night
669024626425462784,1448335675.0,0.08674290031194601,0.116800382733345,0.311917304992675,0.476340234279632,0.008199215866625,Night
668980428070502400,1448325137.0,0.041075777262449,0.038864977657794,0.22547447681427002,0.6921449899673461,0.0024398514069610003,Night
668693166917156864,1448256649.0,0.07935720682144101,0.125705868005752,0.47163945436477606,0.246000587940216,0.07729691267013501,Morning
668653268122234880,1448247136.0,0.08633291721343901,0.080578044056892,0.397215217351913,0.37349975109100303,0.06237411499023401,Night
668641516290596865,1448244334.0,0.08172866702079701,0.044390432536602006,0.49866682291030806,0.35599204897880504,0.019222062081098,Night
668632519726661633,1448242189.0,0.094461925327777,0.07871635258197701,0.42525732517242404,0.34121763706207203,0.06034677103161801,Night
668543785312235520,1448221034.0,0.052196107804775,0.087826415896415,0.537708222866058,0.26014196872711104,0.06212730333209,Evening
668515415912415232,1448214270.0,0.060805432498455006,0.18732681870460502,0.382699698209762,0.18669405579566903,0.182474017143249,Evening
668515262950277120,1448214233.0,0.066742248833179,0.07202723622322,0.286355674266815,0.531729936599731,0.043144956231117006,Evening
667530709570101248,1447979497.0,0.148087248206138,0.060283098369836,0.43496328592300404,0.309975266456604,0.046691093593835005,Night
667529248719155200,1447979149.0,0.058827519416809006,0.02765367925167,0.7190085649490351,0.190946370363235,0.0035638771951190004,Night
667095176507031552,1447875658.0,0.10097481310367501,0.27624690532684304,0.37856692075729304,0.22621735930442802,0.017994001507759,Evening
663532810464989184,1447026324.0,0.12079811096191401,0.133094176650047,0.42972680926322904,0.295219659805297,0.021161323413252,Night
662122549308817408,1446686492.0,0.08634369075298301,0.132346346974372,0.46936315298080405,0.290890157222747,0.021056681871414,Night
661776043624108033,1446603878.0,0.175871789455413,0.019109077751636002,0.589807033538818,0.20951014757156303,0.0057019689120350004,Night
644994835296993280,1442602926.0,0.07831196486949901,0.017000544816255,0.43216961622238104,0.470003753900527,0.002514108316972,Evening
638773083378221056,1441119545.0,0.090232715010643,0.109000071883201,0.5701689720153801,0.153642684221267,0.076955512166023,Afternoon
638772872249503744,1441119495.0,0.168780148029327,0.085605166852474,0.557525038719177,0.18164771795272802,0.006441905163228001,Afternoon
635363946388582400,1440306743.0,0.188123494386672,0.115909159183502,0.39364811778068504,0.27713596820831304,0.025183180347085003,Morning
635221216215744513,1440272714.0,0.059078790247440005,0.063846215605735,0.272490054368972,0.599100708961486,0.005484255962073001,Evening
635221052247830528,1440272675.0,0.052631776779890005,0.064230345189571,0.5855967402458191,0.225196659564971,0.072344534099102,Evening
635202464757628928,1440268243.0,0.10475417971611001,0.270934641361236,0.368553608655929,0.22102288901805803,0.034734681248664,Evening
634131372823605248,1440012875.0,0.17585363984107902,0.10734396427869701,0.445463418960571,0.254129379987716,0.017209615558385002,Evening
632394506680164352,1439598774.0,0.11438927054405201,0.16904672980308502,0.426536679267883,0.23947294056415502,0.050554413348436,Night
631345217698967553,1439348604.0,0.071375265717506,0.076007336378097,0.5883988142013551,0.14683757722377702,0.11738096922636002,Morning
629786608644952064,1438977003.0,0.185002833604812,0.120305061340332,0.517500281333923,0.149792581796646,0.027399256825447003,Evening
629409795854852096,1438887163.0,0.258633464574813,0.06162261217832501,0.4684499502182,0.20070281624794,0.010591059923171001,Evening
629097114438537216,1438812614.0,0.11145544052124001,0.17278446257114402,0.41199749708175604,0.26962298154830905,0.034139685332775005,Night
628694981390151680,1438716738.0,0.105462081730365,0.177633509039878,0.41250622272491405,0.268828094005584,0.035570040345191005,Evening
628008845218942976,1438553151.0,0.102325327694416,0.19715559482574402,0.407031744718551,0.271241188049316,0.022246127948164003,Night
627723390401417216,1438485093.0,0.160091057419776,0.184122771024703,0.369369029998779,0.264087915420532,0.022329226136207,Morning
625489878885662721,1437952582.0,0.040190823376178006,0.11819435656070701,0.18539860844612102,0.648622691631317,0.007593523710966001,Night
625415093589667840,1437934752.0,0.12072206288576101,0.17433539032936002,0.39370191097259505,0.274506390094757,0.036734212189912005,Evening
625415079912083456,1437934749.0,0.17457902431488,0.090569481253623,0.49908351898193304,0.215882509946823,0.01988548785448,Evening
621546520140079105,1437012412.0,0.17271164059638902,0.082749038934707,0.433608591556549,0.29597812891006403,0.014952613040804,Night
621429909022486529,1436984610.0,0.124521344900131,0.137738719582557,0.41341108083724903,0.276386201381683,0.047942660748958005,Evening
620789215798767616,1436831857.0,0.244677945971488,0.083478659391403,0.5071418285369871,0.152081951498985,0.012619609013199001,Night
620789170504495104,1436831846.0,0.129597127437591,0.100292772054672,0.31785786151885903,0.44324567914009005,0.009006546810269,Night
620789104523939840,1436831830.0,0.12077559530735,0.178184449672698,0.368330299854278,0.313849121332168,0.018860524520277002,Night
620789011179683841,1436831808.0,0.111843056976795,0.17026546597480702,0.42420992255210804,0.24336647987365703,0.050315041095018005,Night
620788972780810240,1436831799.0,0.113359883427619,0.19689318537712003,0.43718016147613503,0.23535218834877003,0.017214532941579,Night
620028195358707712,1436650415.0,0.108134746551513,0.17313694953918402,0.41805243492126404,0.259723603725433,0.040952317416667,Night
620028190266777600,1436650414.0,0.099550664424896,0.048337791115045006,0.45525693893432606,0.38255900144577004,0.014295643195509002,Night
619822823507259392,1436601451.0,0.16464239358901903,0.12982864677906,0.40882641077041604,0.264480233192443,0.032222371548414,Morning
619655110604394497,1436561465.0,0.151991322636604,0.153743922710418,0.41684117913246105,0.24621389806270602,0.031209737062454,Evening
619173658959818752,1436446678.0,0.133550181984901,0.07192555069923401,0.442691564559936,0.33204537630081105,0.01978725939989,Afternoon
618942064009412608,1436391462.0,0.052554547786712,0.076453104615211,0.363072514533996,0.49407255649566606,0.013847292400896001,Night
618908790788767744,1436383529.0,0.19325628876686002,0.13128072023391701,0.44660252332687306,0.20290133357048,0.025959094986319,Evening
618541831307948032,1436296039.0,0.17187312245368902,0.166199281811714,0.45942047238349903,0.157641872763633,0.044865254312753004,Evening
618161048000925696,1436205253.0,0.154166370630264,0.11944590508937801,0.445904314517974,0.265874177217483,0.014609217643737002,Evening
617929178923429888,1436149971.0,0.297147899866104,0.07183189690113001,0.48201858997344904,0.13754509389400402,0.011456510052084002,Night
617898224376885248,1436142591.0,0.31020611524581904,0.05920827761292401,0.49769926071166903,0.123668953776359,0.009217404760420001,Night
617541617830858753,1436057569.0,0.15042066574096602,0.19255167245864802,0.44965299963951105,0.18000468611717202,0.027369998395442,Night
617165185787146240,1435967821.0,0.180561318993568,0.12492260336875902,0.340255767107009,0.337570041418075,0.016690237447619,Night
617110804299517952,1435954855.0,0.169937655329704,0.12233191728591901,0.45197147130966103,0.21799905598163602,0.037759907543659,Evening
617050936930775040,1435940582.0,0.16288229823112402,0.13061758875846802,0.44060164690017706,0.22085535526275601,0.045043118298053006,Evening
617045243360194561,1435939224.0,0.12071137130260401,0.143284574151039,0.47801792621612504,0.22771251201629603,0.030273634940385003,Evening
616727418422693888,1435863449.0,0.18703609704971302,0.09279291331768001,0.451590240001678,0.25134894251823403,0.017231885343790002,Evening
615778393930399744,1435637184.0,0.165767103433609,0.09349039196968001,0.44141599535942005,0.281544864177703,0.017781615257263,Morning
615622640963751937,1435600049.0,0.17184039950370703,0.10693964362144401,0.467109858989715,0.235594868659973,0.018515206873416002,Evening
614909354945310720,1435429989.0,0.052476823329925,0.12758392095565702,0.377119153738021,0.434215933084487,0.008604157716035,Evening
614892212732588032,1435425902.0,0.079244762659072,0.041354220360517,0.400344341993331,0.45829522609710605,0.020761385560035,Evening
614887431465119744,1435424762.0,0.120345637202262,0.18598130345344502,0.48452752828598006,0.196775078773498,0.012370444834232,Evening
614519467431755776,1435337032.0,0.16962370276451103,0.101894661784172,0.45865875482559204,0.252006709575653,0.017816212028265003,Evening
613838626082820096,1435174707.0,0.17853996157646101,0.087420225143432,0.377654552459716,0.34149205684661804,0.014893229119479,Evening
613596161199345664,1435116899.0,0.117625802755355,0.27899363636970503,0.36843764781951904,0.205392152070999,0.029550723731517,Morning
612704243095449600,1434904249.0,0.13688257336616502,0.12300705164670901,0.48903024196624706,0.23366072773933402,0.017419395968317,Evening
612493463678922752,1434853995.0,0.114151559770107,0.039047487080097004,0.290779173374176,0.5517002344131471,0.0043215309269720005,Night
612019967043637248,1434741105.0,0.238898962736129,0.12773570418357802,0.459206014871597,0.15766629576683,0.016493059694767002,Evening
611285173955497984,1434565917.0,0.142952650785446,0.11818990111351,0.455266505479812,0.266167312860488,0.017423607409,Evening
611243373253431296,1434555951.0,0.11933728307485501,0.06925970315933201,0.591620802879333,0.19736093282699502,0.022421237081289003,Afternoon
609460190807658496,1434130807.0,0.047270037233829006,0.473228573799133,0.257493078708648,0.12402831763029001,0.097980044782161,Evening
607953707225870336,1433771633.0,0.304972857236862,0.07221964746713601,0.502481758594512,0.11265397071838301,0.007671831641346,Afternoon
607590048188358656,1433684930.0,0.307286709547042,0.074084907770156,0.42358714342117304,0.18999627232551503,0.0050449958071110005,Afternoon
607276475218161664,1433610169.0,0.133201986551284,0.10564593970775601,0.41809916496276806,0.319309115409851,0.023743785917758,Evening
596138633913978880,1430954700.0,0.094505235552787,0.30267369747161804,0.33739441633224404,0.253511875867843,0.011914801783859001,Night
596070059799248897,1430938351.0,0.078185349702835,0.106345735490322,0.38460233807563704,0.41135793924331604,0.019508613273501,Evening
595699437281910785,1430849988.0,0.245338201522827,0.12491062283515901,0.404347896575927,0.21466147899627602,0.010741803795099002,Evening
590863067103105024,1429696907.0,0.113603301346302,0.42272114753723106,0.202692121267318,0.08899738639593101,0.171985983848571,Afternoon
590859162034155520,1429695976.0,0.073937177658081,0.051889579743146,0.36221092939376803,0.49821898341178805,0.013743259944021001,Morning
590580316743544832,1429629494.0,0.177315980195999,0.058810003101825006,0.49939948320388705,0.24778063595294902,0.016693882644176,Afternoon
589927317071273984,1429473807.0,0.012702530249953001,0.850849211215972,0.053357496857643,0.028495969250798003,0.054594848304986,Evening
589924328101138434,1429473094.0,0.0947767496109,0.20633845031261402,0.44712024927139205,0.203758031129837,0.04800657182931901,Evening
589831756229910528,1429451023.0,0.15489149093627902,0.10761821269989001,0.538982152938842,0.153687015175819,0.044821161776781006,Afternoon
588804103532249088,1429206012.0,0.09684345126152001,0.211126774549484,0.29438570141792303,0.381280839443206,0.016363266855478002,Evening
588451282047737857,1429121893.0,0.10199986398220001,0.169283598661422,0.242543697357177,0.47985285520553506,0.006319965235888,Evening
